[Architectury Transformer DEBUG] 
[Architectury Transformer DEBUG] ============================
[Architectury Transformer DEBUG] Transforming from /Users/Emiliano/Documents/NeoMTR/common/build/devlibs/common-300.6.1+1.21.1-dev.jar to /Users/Emiliano/Documents/NeoMTR/common/build/libs/common-300.6.1+1.21.1-transformProductionFabric.jar
[Architectury Transformer DEBUG] ============================
[Architectury Transformer DEBUG] 
[Architectury Transformer DEBUG] Transforming 5 transformer(s) from /Users/Emiliano/Documents/NeoMTR/common/build/devlibs/common-300.6.1+1.21.1-dev.jar to /Users/Emiliano/Documents/NeoMTR/common/build/libs/common-300.6.1+1.21.1-transformProductionFabric.jar: 
[Architectury Transformer DEBUG]  - dev.architectury.transformer.transformers.RemapMixinVariables@5863936
[Architectury Transformer DEBUG]  - dev.architectury.transformer.transformers.TransformExpectPlatform@7988a0bc
[Architectury Transformer DEBUG]  - dev.architectury.transformer.transformers.RemapInjectables@34602eb1
[Architectury Transformer DEBUG]  - AddRefmapName(enabled=() -> kotlin.Boolean)
[Architectury Transformer DEBUG]  - dev.architectury.transformer.transformers.TransformPlatformOnly@7e4aa903
[Architectury Transformer DEBUG] Transforming from /Users/Emiliano/Documents/NeoMTR/common/build/devlibs/common-300.6.1+1.21.1-dev.jar to /Users/Emiliano/Documents/NeoMTR/common/build/libs/common-300.6.1+1.21.1-transformProductionFabric.jar with 5 transformer(s) on dev.architectury.transformer.handler.SimpleTransformerHandler
[Architectury Transformer DEBUG] Reading mixin mappings file: /Users/Emiliano/Documents/NeoMTR/common/build/loom-cache/mixin-map-loom.mappings.1_21_1.layered+hash.652182843-v2.main.tiny
[Architectury Transformer DEBUG] Reading mixin mappings file: /Users/Emiliano/Documents/NeoMTR/fabric/build/loom-cache/mixin-map-loom.mappings.1_21_1.layered+hash.652182843-v2.main.tiny
[Architectury Transformer DEBUG] Remapping with 2 mapping provider(s):
[Architectury Transformer DEBUG]  - dev.architectury.transformer.shadowed.impl.dev.architectury.tinyremapper.TinyUtils$$Lambda/0x000000800225e000@29714f27
[Architectury Transformer DEBUG]  - dev.architectury.transformer.shadowed.impl.dev.architectury.tinyremapper.TinyUtils$$Lambda/0x000000800225e000@53a40073
[Architectury Transformer DEBUG] Provided 81 classpath jar(s):
[Architectury Transformer DEBUG]  - /Users/Emiliano/.gradle/caches/modules-2/files-2.1/dev.architectury/architectury-injectables/1.0.10/62db2a366d662606d1b23ad02ccc3212ed37ec3/architectury-injectables-1.0.10.jar
[Architectury Transformer DEBUG]  - /Users/Emiliano/.gradle/caches/modules-2/files-2.1/net.fabricmc/fabric-loader/0.19.2/cc647a5b22dbc49b9a3267cebcee25fc4882b108/fabric-loader-0.19.2.jar
[Architectury Transformer DEBUG]  - /Users/Emiliano/.gradle/caches/modules-2/files-2.1/org.jetbrains/annotations/24.1.0/7af6a669488450c4a07c2c3254e2151df42d7d04/annotations-24.1.0.jar
[Architectury Transformer DEBUG]  - /Users/Emiliano/Documents/NeoMTR/libs/Dynmap-3.2.1.jar
[Architectury Transformer DEBUG]  - /Users/Emiliano/Documents/NeoMTR/libs/BlueMapAPI-2.1.1.jar
[Architectury Transformer DEBUG]  - /Users/Emiliano/.gradle/caches/modules-2/files-2.1/xyz.jpenilla/squaremap-api/1.3.13/8b282861881a928b21ee3a36850a3b7cc6ce1094/squaremap-api-1.3.13.jar
[Architectury Transformer DEBUG]  - /Users/Emiliano/.gradle/caches/modules-2/files-2.1/org.eclipse.jetty/jetty-servlet/9.4.58.v20250814/bb10a371cbb3f03ae1657d79bea1f64ea6c0cc9b/jetty-servlet-9.4.58.v20250814.jar
[Architectury Transformer DEBUG]  - /Users/Emiliano/.gradle/caches/modules-2/files-2.1/org.eclipse.jetty/jetty-security/9.4.58.v20250814/9b2548cdc6b30f0425b1563f2553ba75b29da4fd/jetty-security-9.4.58.v20250814.jar
[Architectury Transformer DEBUG]  - /Users/Emiliano/.gradle/caches/modules-2/files-2.1/org.eclipse.jetty/jetty-server/9.4.58.v20250814/e9ac923c0ffbc08f6b8d08bbc81093fee725b85e/jetty-server-9.4.58.v20250814.jar
[Architectury Transformer DEBUG]  - /Users/Emiliano/.gradle/caches/modules-2/files-2.1/org.eclipse.jetty/jetty-http/9.4.58.v20250814/98c52c56ecc1eedd9e05327f266f35c5ef8bf0c4/jetty-http-9.4.58.v20250814.jar
[Architectury Transformer DEBUG]  - /Users/Emiliano/.gradle/caches/modules-2/files-2.1/org.eclipse.jetty/jetty-io/9.4.58.v20250814/e198dae4d91fa79d9c1e2e039870d49c487c45cf/jetty-io-9.4.58.v20250814.jar
[Architectury Transformer DEBUG]  - /Users/Emiliano/.gradle/caches/modules-2/files-2.1/org.eclipse.jetty/jetty-util-ajax/9.4.58.v20250814/44a41bccf287e2cd98f35a4ac758fe950a66be86/jetty-util-ajax-9.4.58.v20250814.jar
[Architectury Transformer DEBUG]  - /Users/Emiliano/.gradle/caches/modules-2/files-2.1/org.eclipse.jetty/jetty-util/9.4.58.v20250814/4175e2c7b347d31dba112e8a6f168a029a5f4225/jetty-util-9.4.58.v20250814.jar
[Architectury Transformer DEBUG]  - /Users/Emiliano/.gradle/caches/modules-2/files-2.1/javax.servlet/javax.servlet-api/4.0.1/a27082684a2ff0bf397666c3943496c44541d1ca/javax.servlet-api-4.0.1.jar
[Architectury Transformer DEBUG]  - /Users/Emiliano/.gradle/caches/modules-2/files-2.1/org.msgpack/msgpack-core/0.9.12/7ed93230c1d5ded2eab11908031132fa3649a30b/msgpack-core-0.9.12.jar
[Architectury Transformer DEBUG]  - /Users/Emiliano/.gradle/caches/modules-2/files-2.1/com.hierynomus/sshj/0.40.0/755b2aef8b3e50ab86cfaff29bcb3804639b5862/sshj-0.40.0.jar
[Architectury Transformer DEBUG]  - /Users/Emiliano/.gradle/caches/modules-2/files-2.1/com.github.jonafanho/Minecraft-Mod-API-Tools/b33012bd4098a807dca91dc469f2b0018df6ff96/69f2468a6789afb16df16943da5c5ecdb5ee372f/Minecraft-Mod-API-Tools-b33012bd4098a807dca91dc469f2b0018df6ff96.jar
[Architectury Transformer DEBUG]  - /Users/Emiliano/Documents/NeoMTR/rhino/build/libs/rhino.jar
[Architectury Transformer DEBUG]  - /Users/Emiliano/.gradle/caches/modules-2/files-2.1/org.ow2.asm/asm/9.6/aa205cf0a06dbd8e04ece91c0b37c3f5d567546a/asm-9.6.jar
[Architectury Transformer DEBUG]  - /Users/Emiliano/.gradle/caches/modules-2/files-2.1/org.ow2.asm/asm-analysis/9.6/9ce6c7b174bd997fc2552dff47964546bd7a5ec3/asm-analysis-9.6.jar
[Architectury Transformer DEBUG]  - /Users/Emiliano/.gradle/caches/modules-2/files-2.1/org.ow2.asm/asm-commons/9.6/f1a9e5508eff490744144565c47326c8648be309/asm-commons-9.6.jar
[Architectury Transformer DEBUG]  - /Users/Emiliano/.gradle/caches/modules-2/files-2.1/org.ow2.asm/asm-tree/9.6/c0cdda9d211e965d2a4448aa3fd86110f2f8c2de/asm-tree-9.6.jar
[Architectury Transformer DEBUG]  - /Users/Emiliano/.gradle/caches/modules-2/files-2.1/org.ow2.asm/asm-util/9.6/f77caf84eb93786a749b2baa40865b9613e3eaee/asm-util-9.6.jar
[Architectury Transformer DEBUG]  - /Users/Emiliano/.gradle/caches/modules-2/files-2.1/net.fabricmc/sponge-mixin/0.15.2+mixin.0.8.7/2af2f021d8e02a0220dc27a7a72b4666d66d44ca/sponge-mixin-0.15.2+mixin.0.8.7.jar
[Architectury Transformer DEBUG]  - /Users/Emiliano/.gradle/caches/modules-2/files-2.1/io.github.llamalad7/mixinextras-fabric/0.4.1/8d1a9e96afb990367fa1f904d17580d164da72e3/mixinextras-fabric-0.4.1.jar
[Architectury Transformer DEBUG]  - /Users/Emiliano/.gradle/caches/modules-2/files-2.1/ca.weblite/java-objc-bridge/1.1/1227f9e0666314f9de41477e3ec277e542ed7f7b/java-objc-bridge-1.1.jar
[Architectury Transformer DEBUG]  - /Users/Emiliano/.gradle/caches/modules-2/files-2.1/com.github.oshi/oshi-core/6.4.10/b1d8ab82d11d92fd639b56d639f8f46f739dd5fa/oshi-core-6.4.10.jar
[Architectury Transformer DEBUG]  - /Users/Emiliano/.gradle/caches/modules-2/files-2.1/com.google.code.gson/gson/2.10.1/b3add478d4382b78ea20b1671390a858002feb6c/gson-2.10.1.jar
[Architectury Transformer DEBUG]  - /Users/Emiliano/.gradle/caches/modules-2/files-2.1/com.google.guava/failureaccess/1.0.1/1dcf1de382a0bf95a3d8b0849546c88bac1292c9/failureaccess-1.0.1.jar
[Architectury Transformer DEBUG]  - /Users/Emiliano/.gradle/caches/modules-2/files-2.1/com.google.guava/guava/32.1.2-jre/5e64ec7e056456bef3a4bc4c6fdaef71e8ab6318/guava-32.1.2-jre.jar
[Architectury Transformer DEBUG]  - /Users/Emiliano/.gradle/caches/modules-2/files-2.1/com.ibm.icu/icu4j/73.2/61ad4ef7f9131fcf6d25c34b817f90d6da06c9e9/icu4j-73.2.jar
[Architectury Transformer DEBUG]  - /Users/Emiliano/.gradle/caches/modules-2/files-2.1/com.mojang/authlib/6.0.54/de8bc95660e1b2fe8793fd427a7a10dcec5b3ea7/authlib-6.0.54.jar
[Architectury Transformer DEBUG]  - /Users/Emiliano/.gradle/caches/modules-2/files-2.1/com.mojang/blocklist/1.0.10/5c685c5ffa94c4cd39496c7184c1d122e515ecef/blocklist-1.0.10.jar
[Architectury Transformer DEBUG]  - /Users/Emiliano/.gradle/caches/modules-2/files-2.1/com.mojang/brigadier/1.3.10/d15b53a14cf20fdcaa98f731af5dda654452c010/brigadier-1.3.10.jar
[Architectury Transformer DEBUG]  - /Users/Emiliano/.gradle/caches/modules-2/files-2.1/com.mojang/datafixerupper/8.0.16/67d4de6d7f95d89bcf5862995fb854ebaec02a34/datafixerupper-8.0.16.jar
[Architectury Transformer DEBUG]  - /Users/Emiliano/.gradle/caches/modules-2/files-2.1/com.mojang/logging/1.2.7/24cb95ffb0e3433fd6e844c04e68009e504ca1c0/logging-1.2.7.jar
[Architectury Transformer DEBUG]  - /Users/Emiliano/.gradle/caches/modules-2/files-2.1/com.mojang/patchy/2.2.10/da05971b07cbb379d002cf7eaec6a2048211fefc/patchy-2.2.10.jar
[Architectury Transformer DEBUG]  - /Users/Emiliano/.gradle/caches/modules-2/files-2.1/com.mojang/text2speech/1.17.9/3cad216e3a7f0c19b4b394388bc9ffc446f13b14/text2speech-1.17.9.jar
[Architectury Transformer DEBUG]  - /Users/Emiliano/.gradle/caches/modules-2/files-2.1/org.apache.httpcomponents/httpmime/4.5.13/efc110bad4a0d45cda7858e6beee1d8a8313da5a/httpmime-4.5.13.jar
[Architectury Transformer DEBUG]  - /Users/Emiliano/.gradle/caches/modules-2/files-2.1/org.apache.httpcomponents/httpclient/4.5.13/e5f6cae5ca7ecaac1ec2827a9e2d65ae2869cada/httpclient-4.5.13.jar
[Architectury Transformer DEBUG]  - /Users/Emiliano/.gradle/caches/modules-2/files-2.1/commons-codec/commons-codec/1.16.0/4e3eb3d79888d76b54e28b350915b5dc3919c9de/commons-codec-1.16.0.jar
[Architectury Transformer DEBUG]  - /Users/Emiliano/.gradle/caches/modules-2/files-2.1/commons-io/commons-io/2.15.1/f11560da189ab563a5c8e351941415430e9304ea/commons-io-2.15.1.jar
[Architectury Transformer DEBUG]  - /Users/Emiliano/.gradle/caches/modules-2/files-2.1/commons-logging/commons-logging/1.2/4bfc12adfe4842bf07b657f0369c4cb522955686/commons-logging-1.2.jar
[Architectury Transformer DEBUG]  - /Users/Emiliano/.gradle/caches/modules-2/files-2.1/io.netty/netty-buffer/4.1.97.Final/f8f3d8644afa5e6e1a40a3a6aeb9d9aa970ecb4f/netty-buffer-4.1.97.Final.jar
[Architectury Transformer DEBUG]  - /Users/Emiliano/.gradle/caches/modules-2/files-2.1/io.netty/netty-codec/4.1.97.Final/384ba4d75670befbedb45c4d3b497a93639c206d/netty-codec-4.1.97.Final.jar
[Architectury Transformer DEBUG]  - /Users/Emiliano/.gradle/caches/modules-2/files-2.1/io.netty/netty-common/4.1.97.Final/7cceacaf11df8dc63f23d0fb58e9d4640fc88404/netty-common-4.1.97.Final.jar
[Architectury Transformer DEBUG]  - /Users/Emiliano/.gradle/caches/modules-2/files-2.1/io.netty/netty-handler/4.1.97.Final/abb86c6906bf512bf2b797a41cd7d2e8d3cd7c36/netty-handler-4.1.97.Final.jar
[Architectury Transformer DEBUG]  - /Users/Emiliano/.gradle/caches/modules-2/files-2.1/io.netty/netty-resolver/4.1.97.Final/cec8348108dc76c47cf87c669d514be52c922144/netty-resolver-4.1.97.Final.jar
[Architectury Transformer DEBUG]  - /Users/Emiliano/.gradle/caches/modules-2/files-2.1/io.netty/netty-transport-classes-epoll/4.1.97.Final/795da37ded759e862457a82d9d92c4d39ce8ecee/netty-transport-classes-epoll-4.1.97.Final.jar
[Architectury Transformer DEBUG]  - /Users/Emiliano/.gradle/caches/modules-2/files-2.1/io.netty/netty-transport-native-unix-common/4.1.97.Final/d469d84265ab70095b01b40886cabdd433b6e664/netty-transport-native-unix-common-4.1.97.Final.jar
[Architectury Transformer DEBUG]  - /Users/Emiliano/.gradle/caches/modules-2/files-2.1/io.netty/netty-transport/4.1.97.Final/f37380d23c9bb079bc702910833b2fd532c9abd0/netty-transport-4.1.97.Final.jar
[Architectury Transformer DEBUG]  - /Users/Emiliano/.gradle/caches/modules-2/files-2.1/it.unimi.dsi/fastutil/8.5.12/c24946d46824bd528054bface3231d2ecb7e95e8/fastutil-8.5.12.jar
[Architectury Transformer DEBUG]  - /Users/Emiliano/.gradle/caches/modules-2/files-2.1/net.java.dev.jna/jna-platform/5.14.0/28934d48aed814f11e4c584da55c49fa7032b31b/jna-platform-5.14.0.jar
[Architectury Transformer DEBUG]  - /Users/Emiliano/.gradle/caches/modules-2/files-2.1/net.java.dev.jna/jna/5.14.0/67bf3eaea4f0718cb376a181a629e5f88fa1c9dd/jna-5.14.0.jar
[Architectury Transformer DEBUG]  - /Users/Emiliano/.gradle/caches/modules-2/files-2.1/net.sf.jopt-simple/jopt-simple/5.0.4/4fdac2fbe92dfad86aa6e9301736f6b4342a3f5c/jopt-simple-5.0.4.jar
[Architectury Transformer DEBUG]  - /Users/Emiliano/.gradle/caches/modules-2/files-2.1/org.apache.commons/commons-compress/1.26.0/659feffdd12280201c8aacb8f7be94f9a883c824/commons-compress-1.26.0.jar
[Architectury Transformer DEBUG]  - /Users/Emiliano/.gradle/caches/modules-2/files-2.1/org.apache.commons/commons-lang3/3.14.0/1ed471194b02f2c6cb734a0cd6f6f107c673afae/commons-lang3-3.14.0.jar
[Architectury Transformer DEBUG]  - /Users/Emiliano/.gradle/caches/modules-2/files-2.1/org.apache.httpcomponents/httpcore/4.4.16/51cf043c87253c9f58b539c9f7e44c8894223850/httpcore-4.4.16.jar
[Architectury Transformer DEBUG]  - /Users/Emiliano/.gradle/caches/modules-2/files-2.1/org.apache.logging.log4j/log4j-api/2.22.1/bea6fede6328fabafd7e68363161a7ea6605abd1/log4j-api-2.22.1.jar
[Architectury Transformer DEBUG]  - /Users/Emiliano/.gradle/caches/modules-2/files-2.1/org.apache.logging.log4j/log4j-core/2.22.1/7183a25510a02ad00cc6a95d3b3d2a7d3c5a8dc4/log4j-core-2.22.1.jar
[Architectury Transformer DEBUG]  - /Users/Emiliano/.gradle/caches/modules-2/files-2.1/org.apache.logging.log4j/log4j-slf4j2-impl/2.22.1/d7e6693c2606cb7e7335047d7bb96dec52db5665/log4j-slf4j2-impl-2.22.1.jar
[Architectury Transformer DEBUG]  - /Users/Emiliano/.gradle/caches/modules-2/files-2.1/org.jcraft/jorbis/0.0.17/8872d22b293e8f5d7d56ff92be966e6dc28ebdc6/jorbis-0.0.17.jar
[Architectury Transformer DEBUG]  - /Users/Emiliano/.gradle/caches/modules-2/files-2.1/org.joml/joml/1.10.5/22566d58af70ad3d72308bab63b8339906deb649/joml-1.10.5.jar
[Architectury Transformer DEBUG]  - /Users/Emiliano/.gradle/caches/modules-2/files-2.1/org.lwjgl/lwjgl-freetype/3.3.3/a0db6c84a8becc8ca05f9dbfa985edc348a824c7/lwjgl-freetype-3.3.3.jar
[Architectury Transformer DEBUG]  - /Users/Emiliano/.gradle/caches/modules-2/files-2.1/org.lwjgl/lwjgl-glfw/3.3.3/efa1eb78c5ccd840e9f329717109b5e892d72f8e/lwjgl-glfw-3.3.3.jar
[Architectury Transformer DEBUG]  - /Users/Emiliano/.gradle/caches/modules-2/files-2.1/org.lwjgl/lwjgl-jemalloc/3.3.3/b543467b7ff3c6920539a88ee602d34098628be5/lwjgl-jemalloc-3.3.3.jar
[Architectury Transformer DEBUG]  - /Users/Emiliano/.gradle/caches/modules-2/files-2.1/org.lwjgl/lwjgl-openal/3.3.3/daada81ceb5fc0c291fbfdd4433cb8d9423577f2/lwjgl-openal-3.3.3.jar
[Architectury Transformer DEBUG]  - /Users/Emiliano/.gradle/caches/modules-2/files-2.1/org.lwjgl/lwjgl-opengl/3.3.3/2f6b0147078396a58979125a4c947664e98293a/lwjgl-opengl-3.3.3.jar
[Architectury Transformer DEBUG]  - /Users/Emiliano/.gradle/caches/modules-2/files-2.1/org.lwjgl/lwjgl-stb/3.3.3/25dd6161988d7e65f71d5065c99902402ee32746/lwjgl-stb-3.3.3.jar
[Architectury Transformer DEBUG]  - /Users/Emiliano/.gradle/caches/modules-2/files-2.1/org.lwjgl/lwjgl-tinyfd/3.3.3/82d755ca94b102e9ca77283b9e2dc46d1b15fbe5/lwjgl-tinyfd-3.3.3.jar
[Architectury Transformer DEBUG]  - /Users/Emiliano/.gradle/caches/modules-2/files-2.1/org.lwjgl/lwjgl/3.3.3/29589b5f87ed335a6c7e7ee6a5775f81f97ecb84/lwjgl-3.3.3.jar
[Architectury Transformer DEBUG]  - /Users/Emiliano/.gradle/caches/modules-2/files-2.1/org.lz4/lz4-java/1.8.0/4b986a99445e49ea5fbf5d149c4b63f6ed6c6780/lz4-java-1.8.0.jar
[Architectury Transformer DEBUG]  - /Users/Emiliano/.gradle/caches/modules-2/files-2.1/com.hierynomus/asn-one/0.6.0/7f6141541e0a4d3ae0b02c901c2c1e9a772eb3d7/asn-one-0.6.0.jar
[Architectury Transformer DEBUG]  - /Users/Emiliano/.gradle/caches/modules-2/files-2.1/org.slf4j/slf4j-api/2.0.17/d9e58ac9c7779ba3bf8142aff6c830617a7fe60f/slf4j-api-2.0.17.jar
[Architectury Transformer DEBUG]  - /Users/Emiliano/Documents/NeoMTR/.gradle/loom-cache/minecraftMaven/net/minecraft/minecraft-merged-9867355345/1.21.1-loom.mappings.1_21_1.layered+hash.652182843-v2/minecraft-merged-9867355345-1.21.1-loom.mappings.1_21_1.layered+hash.652182843-v2.jar
[Architectury Transformer DEBUG]  - /Users/Emiliano/.gradle/caches/modules-2/files-2.1/io.netty/netty-transport-native-epoll/4.1.97.Final/54188f271e388e7f313aea995e82f58ce2cdb809/netty-transport-native-epoll-4.1.97.Final-linux-x86_64.jar
[Architectury Transformer DEBUG]  - /Users/Emiliano/.gradle/caches/modules-2/files-2.1/io.netty/netty-transport-native-epoll/4.1.97.Final/5514744c588190ffda076b35a9b8c9f24946a960/netty-transport-native-epoll-4.1.97.Final-linux-aarch_64.jar
[Architectury Transformer DEBUG]  - /Users/Emiliano/Documents/NeoMTR/.gradle/loom-cache/remapped_mods/loom_mappings_1_21_1_layered_hash_652182843_v2/me/shedaniel/cloth/cloth-config/15.0.140/cloth-config-15.0.140.jar
[Architectury Transformer DEBUG]  - /Users/Emiliano/.gradle/caches/modules-2/files-2.1/org.bouncycastle/bcpkix-jdk18on/1.80/5277dfaaef2e92ce1d802499599a0ca7488f86e6/bcpkix-jdk18on-1.80.jar
[Architectury Transformer DEBUG]  - /Users/Emiliano/.gradle/caches/modules-2/files-2.1/org.bouncycastle/bcutil-jdk18on/1.80.2/5aa52bcc7b7d5dc8975a3df9e657abdb5cea62be/bcutil-jdk18on-1.80.2.jar
[Architectury Transformer DEBUG]  - /Users/Emiliano/.gradle/caches/modules-2/files-2.1/org.bouncycastle/bcprov-jdk18on/1.80.2/698ebb5539a939849576a6854bd52e191cbe1c5c/bcprov-jdk18on-1.80.2.jar
[Architectury Transformer] Read classpath in 1.086 s
[Architectury Transformer DEBUG] Remapping Classes:
[Architectury Transformer DEBUG] Found class transformer
[Architectury Transformer DEBUG] Writing de/javagl/obj/MtlWriter with maxs=true frames=true
[Architectury Transformer DEBUG] Writing de/javagl/obj/DefaultObj with maxs=true frames=true
[Architectury Transformer DEBUG] Writing de/javagl/obj/DefaultFloatTuple with maxs=true frames=true
[Architectury Transformer DEBUG] Writing de/javagl/obj/FloatTuple with maxs=true frames=true
[Architectury Transformer DEBUG] Writing de/javagl/obj/DefaultMtl with maxs=true frames=true
[Architectury Transformer DEBUG] Writing de/javagl/obj/ObjSplitter$Predicate with maxs=true frames=true
[Architectury Transformer DEBUG] Writing de/javagl/obj/ReadableObj with maxs=true frames=true
[Architectury Transformer DEBUG] Writing de/javagl/obj/AbstractWritableObj with maxs=true frames=true
[Architectury Transformer DEBUG] Writing de/javagl/obj/BasicWritableObj with maxs=true frames=true
[Architectury Transformer DEBUG] Writing de/javagl/obj/ObjUtils$PropertyIndexAccessor with maxs=true frames=true
[Architectury Transformer DEBUG] Writing de/javagl/obj/ObjSplitter with maxs=true frames=true
[Architectury Transformer DEBUG] Writing de/javagl/obj/FloatTuples with maxs=true frames=true
[Architectury Transformer DEBUG] Writing de/javagl/obj/ObjReader with maxs=true frames=true
[Architectury Transformer DEBUG] Writing de/javagl/obj/Objs with maxs=true frames=true
[Architectury Transformer DEBUG] Writing de/javagl/obj/Mtls with maxs=true frames=true
[Architectury Transformer DEBUG] Writing de/javagl/obj/ObjSplitter$2 with maxs=true frames=true
[Architectury Transformer DEBUG] Writing de/javagl/obj/ObjSplitter$4 with maxs=true frames=true
[Architectury Transformer DEBUG] Writing de/javagl/obj/ObjSplitter$5 with maxs=true frames=true
[Architectury Transformer DEBUG] Writing de/javagl/obj/ObjSplitter$1 with maxs=true frames=true
[Architectury Transformer DEBUG] Writing de/javagl/obj/ObjSplitter$3 with maxs=true frames=true
[Architectury Transformer DEBUG] Writing de/javagl/obj/ObjFaceParser with maxs=true frames=true
[Architectury Transformer DEBUG] Writing de/javagl/obj/DefaultObjGroup with maxs=true frames=true
[Architectury Transformer DEBUG] Writing de/javagl/obj/DefaultObjFace with maxs=true frames=true
[Architectury Transformer DEBUG] Writing de/javagl/obj/MtlReader with maxs=true frames=true
[Architectury Transformer DEBUG] Writing de/javagl/obj/ObjFace with maxs=true frames=true
[Architectury Transformer DEBUG] Writing de/javagl/obj/Obj with maxs=true frames=true
[Architectury Transformer DEBUG] Writing de/javagl/obj/Mtl with maxs=true frames=true
[Architectury Transformer DEBUG] Writing de/javagl/obj/ObjData with maxs=true frames=true
[Architectury Transformer DEBUG] Writing de/javagl/obj/WritableObj with maxs=true frames=true
[Architectury Transformer DEBUG] Writing de/javagl/obj/ObjUtils with maxs=true frames=true
[Architectury Transformer DEBUG] Writing de/javagl/obj/ObjWriter with maxs=true frames=true
[Architectury Transformer DEBUG] Writing de/javagl/obj/ObjUtils$1 with maxs=true frames=true
[Architectury Transformer DEBUG] Writing de/javagl/obj/ObjUtils$2 with maxs=true frames=true
[Architectury Transformer DEBUG] Writing de/javagl/obj/ObjSplitting with maxs=true frames=true
[Architectury Transformer DEBUG] Writing de/javagl/obj/ObjFaces with maxs=true frames=true
[Architectury Transformer DEBUG] Writing de/javagl/obj/ObjGroup with maxs=true frames=true
[Architectury Transformer DEBUG] Writing mtr/KeyMappings with maxs=true frames=true
[Architectury Transformer DEBUG] Writing mtr/Patreon with maxs=true frames=true
[Architectury Transformer DEBUG] Writing mtr/Blocks with maxs=true frames=true
[Architectury Transformer DEBUG] Writing mtr/Items with maxs=true frames=true
[Architectury Transformer DEBUG] Writing mtr/Keys with maxs=true frames=true
[Architectury Transformer DEBUG] Writing mtr/BlockEntityTypes with maxs=true frames=true
[Architectury Transformer DEBUG] Writing mtr/MaterialColor with maxs=true frames=true
[Architectury Transformer DEBUG] Writing mtr/CreativeModeTabs with maxs=true frames=true
[Architectury Transformer DEBUG] Writing mtr/MTRClient with maxs=true frames=true
[Architectury Transformer DEBUG] Writing mtr/RegistryClient with maxs=true frames=true
[Architectury Transformer DEBUG] Writing mtr/MTRClient$RegisterItemModelPredicate with maxs=true frames=true
[Architectury Transformer DEBUG] Writing mtr/RegistryObject with maxs=true frames=true
[Architectury Transformer DEBUG] Writing mtr/MTR with maxs=true frames=true
[Architectury Transformer DEBUG] Writing mtr/Icons with maxs=true frames=true
[Architectury Transformer DEBUG] Writing mtr/TrigCache with maxs=true frames=true
[Architectury Transformer DEBUG] Writing mtr/CreativeModeTabs$Wrapper with maxs=true frames=true
[Architectury Transformer DEBUG] Writing mtr/SoundEvents with maxs=true frames=true
[Architectury Transformer DEBUG] Writing mtr/Registry with maxs=true frames=true
[Architectury Transformer DEBUG] Writing mtr/EntityTypes with maxs=true frames=true
[Architectury Transformer DEBUG] Writing mtr/MTR$RegisterBlockItem with maxs=true frames=true
[Architectury Transformer DEBUG] Writing mtr/block/BlockLiftPanelEven2$TileEntityLiftPanelEven2 with maxs=true frames=true
[Architectury Transformer DEBUG] Writing mtr/block/BlockStationNameTallBlockDoubleSided with maxs=true frames=true
[Architectury Transformer DEBUG] Writing mtr/block/BlockPSDTop with maxs=true frames=true
[Architectury Transformer DEBUG] Writing mtr/block/BlockFreeNode$TileEntityFreeNode with maxs=true frames=true
[Architectury Transformer DEBUG] Writing mtr/block/BlockRouteSignWallLight$TileEntityRouteSignWallLight with maxs=true frames=true
[Architectury Transformer DEBUG] Writing mtr/block/BlockStationNameTallBlock$TileEntityStationNameTallBlock with maxs=true frames=true
[Architectury Transformer DEBUG] Writing mtr/block/BlockLiftTrack with maxs=true frames=true
[Architectury Transformer DEBUG] Writing mtr/block/BlockLiftButtons$TileEntityLiftButtons with maxs=true frames=true
[Architectury Transformer DEBUG] Writing mtr/block/BlockTrainRedstoneSensor$TileEntityTrainRedstoneSensor with maxs=true frames=true
[Architectury Transformer DEBUG] Writing mtr/block/BlockTrainSensorBase with maxs=true frames=true
[Architectury Transformer DEBUG] Writing mtr/block/BlockEscalatorBase with maxs=true frames=true
[Architectury Transformer DEBUG] Writing mtr/block/BlockRouteSignStandingMetal$TileEntityRouteSignStandingMetal with maxs=true frames=true
[Architectury Transformer DEBUG] Writing mtr/block/BlockEscalatorStep with maxs=true frames=true
[Architectury Transformer DEBUG] Writing mtr/block/BlockClockPole with maxs=true frames=true
[Architectury Transformer DEBUG] Writing mtr/block/BlockArrivalProjector1Medium with maxs=true frames=true
[Architectury Transformer DEBUG] Writing mtr/block/BlockStationNameWallBase with maxs=true frames=true
[Architectury Transformer DEBUG] Writing mtr/block/BlockSignalSemaphoreBase$TileEntitySignalSemaphoreBase with maxs=true frames=true
[Architectury Transformer DEBUG] Writing mtr/block/BlockSignalLight3Aspect2$TileEntitySignalLight3Aspect2 with maxs=true frames=true
[Architectury Transformer DEBUG] Writing mtr/block/BlockPSDAPGDoorBase$TileEntityPSDAPGDoorBase with maxs=true frames=true
[Architectury Transformer DEBUG] Writing mtr/block/BlockRouteSignBase$TileEntityRouteSignBase with maxs=true frames=true
[Architectury Transformer DEBUG] Writing mtr/block/BlockCeiling with maxs=true frames=true
[Architectury Transformer DEBUG] Writing mtr/block/BlockSignalSemaphore2$TileEntitySignalSemaphore2 with maxs=true frames=true
[Architectury Transformer DEBUG] Writing mtr/block/BlockAPGDoor with maxs=true frames=true
[Architectury Transformer DEBUG] Writing mtr/block/BlockNode$BlockContinuousMovementNode with maxs=true frames=true
[Architectury Transformer DEBUG] Writing mtr/block/BlockPSDAPGGlassEndBase$EnumPSDAPGGlassEndSide with maxs=true frames=true
[Architectury Transformer DEBUG] Writing mtr/block/BlockAPGGlassEnd with maxs=true frames=true
[Architectury Transformer DEBUG] Writing mtr/block/BlockPSDDoor$TileEntityPSDDoor with maxs=true frames=true
[Architectury Transformer DEBUG] Writing mtr/block/BlockPlatform$EnumDoorType with maxs=true frames=true
[Architectury Transformer DEBUG] Writing mtr/block/BlockGlassFence with maxs=true frames=true
[Architectury Transformer DEBUG] Writing mtr/block/IBlock$EnumThird with maxs=true frames=true
[Architectury Transformer DEBUG] Writing mtr/block/BlockSignalSemaphore1$TileEntitySignalSemaphore1 with maxs=true frames=true
[Architectury Transformer DEBUG] Writing mtr/block/BlockPIDS4 with maxs=true frames=true
[Architectury Transformer DEBUG] Writing mtr/block/BlockPIDS1 with maxs=true frames=true
[Architectury Transformer DEBUG] Writing mtr/block/BlockPIDS2 with maxs=true frames=true
[Architectury Transformer DEBUG] Writing mtr/block/BlockPoleCheckBase with maxs=true frames=true
[Architectury Transformer DEBUG] Writing mtr/block/BlockPIDS3 with maxs=true frames=true
[Architectury Transformer DEBUG] Writing mtr/block/BlockEscalatorSide with maxs=true frames=true
[Architectury Transformer DEBUG] Writing mtr/block/BlockPIDS2$TileEntityBlockPIDS2 with maxs=true frames=true
[Architectury Transformer DEBUG] Writing mtr/block/BlockSignalLight4Aspect1 with maxs=true frames=true
[Architectury Transformer DEBUG] Writing mtr/block/BlockSignalLight4Aspect2 with maxs=true frames=true
[Architectury Transformer DEBUG] Writing mtr/block/BlockStationNameTallWall with maxs=true frames=true
[Architectury Transformer DEBUG] Writing mtr/block/BlockTrainScheduleSensor with maxs=true frames=true
[Architectury Transformer DEBUG] Writing mtr/block/BlockLiftPanelBase with maxs=true frames=true
[Architectury Transformer DEBUG] Writing mtr/block/ITripleBlock with maxs=true frames=true
[Architectury Transformer DEBUG] Writing mtr/block/BlockRouteSignWallMetal$TileEntityRouteSignWallMetal with maxs=true frames=true
[Architectury Transformer DEBUG] Writing mtr/block/BlockNode$BlockBoatNode with maxs=true frames=true
[Architectury Transformer DEBUG] Writing mtr/block/BlockStationNameWallGray$TileEntityStationNameWallGray with maxs=true frames=true
[Architectury Transformer DEBUG] Writing mtr/block/BlockSignalSemaphoreBase with maxs=true frames=true
[Architectury Transformer DEBUG] Writing mtr/block/BlockStationNameWallWhite with maxs=true frames=true
[Architectury Transformer DEBUG] Writing mtr/block/BlockSignalLight4Aspect1$TileEntitySignalLight4Aspect1 with maxs=true frames=true
[Architectury Transformer DEBUG] Writing mtr/block/BlockLiftPanelOdd2 with maxs=true frames=true
[Architectury Transformer DEBUG] Writing mtr/block/BlockLiftPanelOdd1 with maxs=true frames=true
[Architectury Transformer DEBUG] Writing mtr/block/BlockStationNameTallWall$TileEntityStationNameTallWall with maxs=true frames=true
[Architectury Transformer DEBUG] Writing mtr/block/BlockStationColor with maxs=true frames=true
[Architectury Transformer DEBUG] Writing mtr/block/BlockTactileMap$TileEntityTactileMap with maxs=true frames=true
[Architectury Transformer DEBUG] Writing mtr/block/BlockArrivalProjectorBase with maxs=true frames=true
[Architectury Transformer DEBUG] Writing mtr/block/BlockStationNameTallBase$1 with maxs=true frames=true
[Architectury Transformer DEBUG] Writing mtr/block/BlockLiftDoorOdd$TileEntityLiftDoorOdd with maxs=true frames=true
[Architectury Transformer DEBUG] Writing mtr/block/BlockPIDSBaseHorizontal with maxs=true frames=true
[Architectury Transformer DEBUG] Writing mtr/block/BlockPSDGlass with maxs=true frames=true
[Architectury Transformer DEBUG] Writing mtr/block/BlockStationNameEntrance with maxs=true frames=true
[Architectury Transformer DEBUG] Writing mtr/block/BlockTactileMap with maxs=true frames=true
[Architectury Transformer DEBUG] Writing mtr/block/BlockRubbishBin with maxs=true frames=true
[Architectury Transformer DEBUG] Writing mtr/block/BlockStationNameTallBlockDoubleSided$TileEntityStationNameTallBlockDoubleSided with maxs=true frames=true
[Architectury Transformer DEBUG] Writing mtr/block/BlockTrainCargoUnloader$TileEntityTrainCargoUnloader with maxs=true frames=true
[Architectury Transformer DEBUG] Writing mtr/block/BlockLiftDoor with maxs=true frames=true
[Architectury Transformer DEBUG] Writing mtr/block/BlockLiftPanelOdd2$TileEntityLiftPanelOdd2 with maxs=true frames=true
[Architectury Transformer DEBUG] Writing mtr/block/BlockSignalLight3Aspect1$TileEntitySignalLight3Aspect1 with maxs=true frames=true
[Architectury Transformer DEBUG] Writing mtr/block/BlockPSDAPGBase with maxs=true frames=true
[Architectury Transformer DEBUG] Writing mtr/block/BlockTrainSensorBase$TileEntityTrainSensorBase with maxs=true frames=true
[Architectury Transformer DEBUG] Writing mtr/block/BlockFreeNode with maxs=true frames=true
[Architectury Transformer DEBUG] Writing mtr/block/BlockSignalLight2Aspect4$TileEntitySignalLight2Aspect4 with maxs=true frames=true
[Architectury Transformer DEBUG] Writing mtr/block/BlockClock with maxs=true frames=true
[Architectury Transformer DEBUG] Writing mtr/block/BlockRouteSignBase with maxs=true frames=true
[Architectury Transformer DEBUG] Writing mtr/block/BlockEscalatorBase$EnumEscalatorOrientation with maxs=true frames=true
[Architectury Transformer DEBUG] Writing mtr/block/BlockAPGDoor$TileEntityAPGDoor with maxs=true frames=true
[Architectury Transformer DEBUG] Writing mtr/block/BlockLiftTrackFloor$TileEntityLiftTrackFloor with maxs=true frames=true
[Architectury Transformer DEBUG] Writing mtr/block/BlockRouteSignStandingMetal with maxs=true frames=true
[Architectury Transformer DEBUG] Writing mtr/block/BlockTicketMachine with maxs=true frames=true
[Architectury Transformer DEBUG] Writing mtr/block/BlockPIDS3$TileEntityBlockPIDS3 with maxs=true frames=true
[Architectury Transformer DEBUG] Writing mtr/block/BlockStationColorSlab with maxs=true frames=true
[Architectury Transformer DEBUG] Writing mtr/block/BlockLiftDoor$TileEntityLiftDoor with maxs=true frames=true
[Architectury Transformer DEBUG] Writing mtr/block/BlockLiftPanelEven1$TileEntityLiftPanelEven1 with maxs=true frames=true
[Architectury Transformer DEBUG] Writing mtr/block/BlockArrivalProjectorBase$TileEntityArrivalProjectorBase with maxs=true frames=true
[Architectury Transformer DEBUG] Writing mtr/block/BlockTrainPoweredSensorBase with maxs=true frames=true
[Architectury Transformer DEBUG] Writing mtr/block/BlockTrainAnnouncer$TileEntityTrainAnnouncer with maxs=true frames=true
[Architectury Transformer DEBUG] Writing mtr/block/BlockStationNameBase with maxs=true frames=true
[Architectury Transformer DEBUG] Writing mtr/block/BlockSignalLight3Aspect2 with maxs=true frames=true
[Architectury Transformer DEBUG] Writing mtr/block/BlockSignalLight3Aspect1 with maxs=true frames=true
[Architectury Transformer DEBUG] Writing mtr/block/IBlock$EnumSide with maxs=true frames=true
[Architectury Transformer DEBUG] Writing mtr/block/BlockPSDTop$TileEntityRouteBase with maxs=true frames=true
[Architectury Transformer DEBUG] Writing mtr/block/BlockRouteSignWallMetal with maxs=true frames=true
[Architectury Transformer DEBUG] Writing mtr/block/BlockPIDSBaseVertical with maxs=true frames=true
[Architectury Transformer DEBUG] Writing mtr/block/BlockLiftPanelBase$TileEntityLiftPanel1Base with maxs=true frames=true
[Architectury Transformer DEBUG] Writing mtr/block/BlockLiftPanelEven2 with maxs=true frames=true
[Architectury Transformer DEBUG] Writing mtr/block/BlockLiftPanelEven1 with maxs=true frames=true
[Architectury Transformer DEBUG] Writing mtr/block/BlockEscalatorStep$1 with maxs=true frames=true
[Architectury Transformer DEBUG] Writing mtr/block/BlockStationNameTallBase$TileEntityStationNameTallBase with maxs=true frames=true
[Architectury Transformer DEBUG] Writing mtr/block/BlockPIDSSingleArrival1 with maxs=true frames=true
[Architectury Transformer DEBUG] Writing mtr/block/BlockPlatform with maxs=true frames=true
[Architectury Transformer DEBUG] Writing mtr/block/BlockStationNameWallBlack with maxs=true frames=true
[Architectury Transformer DEBUG] Writing mtr/block/BlockPIDSBaseHorizontal$TileEntityBlockPIDSBaseHorizontal with maxs=true frames=true
[Architectury Transformer DEBUG] Writing mtr/block/BlockNode with maxs=true frames=true
[Architectury Transformer DEBUG] Writing mtr/block/BlockPSDAPGDoorBase with maxs=true frames=true
[Architectury Transformer DEBUG] Writing mtr/block/BlockTrainCargoLoader with maxs=true frames=true
[Architectury Transformer DEBUG] Writing mtr/block/BlockSignalLight2Aspect1$TileEntitySignalLight2Aspect1 with maxs=true frames=true
[Architectury Transformer DEBUG] Writing mtr/block/BlockRailwaySignPole with maxs=true frames=true
[Architectury Transformer DEBUG] Writing mtr/block/BlockTrainRedstoneSensor with maxs=true frames=true
[Architectury Transformer DEBUG] Writing mtr/block/BlockPIDS4$TileEntityBlockPIDS4 with maxs=true frames=true
[Architectury Transformer DEBUG] Writing mtr/block/BlockPIDSSingleArrival1$TileEntityBlockPIDSSingleArrival1 with maxs=true frames=true
[Architectury Transformer DEBUG] Writing mtr/block/BlockRailwaySign$TileEntityRailwaySign with maxs=true frames=true
[Architectury Transformer DEBUG] Writing mtr/block/BlockRouteSignStandingLight$TileEntityRouteSignStandingLight with maxs=true frames=true
[Architectury Transformer DEBUG] Writing mtr/block/BlockStationNameWallGray with maxs=true frames=true
[Architectury Transformer DEBUG] Writing mtr/block/BlockSignalLight2Aspect2$TileEntitySignalLight2Aspect2 with maxs=true frames=true
[Architectury Transformer DEBUG] Writing mtr/block/BlockSignalLight4Aspect2$TileEntitySignalLight4Aspect2 with maxs=true frames=true
[Architectury Transformer DEBUG] Writing mtr/block/BlockTicketProcessorEnquiry with maxs=true frames=true
[Architectury Transformer DEBUG] Writing mtr/block/BlockSignalLight2Aspect4 with maxs=true frames=true
[Architectury Transformer DEBUG] Writing mtr/block/BlockSignalLight2Aspect3 with maxs=true frames=true
[Architectury Transformer DEBUG] Writing mtr/block/BlockSignalLight2Aspect2 with maxs=true frames=true
[Architectury Transformer DEBUG] Writing mtr/block/BlockSignalLight2Aspect1 with maxs=true frames=true
[Architectury Transformer DEBUG] Writing mtr/block/BlockTrainScheduleSensor$TileEntityTrainScheduleSensor with maxs=true frames=true
[Architectury Transformer DEBUG] Writing mtr/block/BlockPSDTop$EnumDoorLight with maxs=true frames=true
[Architectury Transformer DEBUG] Writing mtr/block/BlockStationColorGlass with maxs=true frames=true
[Architectury Transformer DEBUG] Writing mtr/block/BlockPIDSPole with maxs=true frames=true
[Architectury Transformer DEBUG] Writing mtr/block/IBlock$1 with maxs=true frames=true
[Architectury Transformer DEBUG] Writing mtr/block/BlockDirectionalDoubleBlockBase with maxs=true frames=true
[Architectury Transformer DEBUG] Writing mtr/block/BlockLiftPanelOdd1$TileEntityLiftPanelOdd1 with maxs=true frames=true
[Architectury Transformer DEBUG] Writing mtr/block/BlockAPGGlass with maxs=true frames=true
[Architectury Transformer DEBUG] Writing mtr/block/BlockSignalSemaphore1 with maxs=true frames=true
[Architectury Transformer DEBUG] Writing mtr/block/BlockArrivalProjector1Small$TileEntityArrivalProjector1Small with maxs=true frames=true
[Architectury Transformer DEBUG] Writing mtr/block/BlockSignalLightBase with maxs=true frames=true
[Architectury Transformer DEBUG] Writing mtr/block/IBlock with maxs=true frames=true
[Architectury Transformer DEBUG] Writing mtr/block/BlockPSDAPGDoorBase$TileEntityPSDAPGDoorBase$Client with maxs=true frames=true
[Architectury Transformer DEBUG] Writing mtr/block/BlockSignalSemaphore2 with maxs=true frames=true
[Architectury Transformer DEBUG] Writing mtr/block/BlockTrainAnnouncer with maxs=true frames=true
[Architectury Transformer DEBUG] Writing mtr/block/BlockStationColorPole with maxs=true frames=true
[Architectury Transformer DEBUG] Writing mtr/block/BlockPSDGlassEnd with maxs=true frames=true
[Architectury Transformer DEBUG] Writing mtr/block/BlockArrivalProjector1Large with maxs=true frames=true
[Architectury Transformer DEBUG] Writing mtr/block/BlockArrivalProjector1Large$TileEntityArrivalProjector1Large with maxs=true frames=true
[Architectury Transformer DEBUG] Writing mtr/block/BlockStationNameBase$TileEntityStationNameBase with maxs=true frames=true
[Architectury Transformer DEBUG] Writing mtr/block/BlockRouteSignWallLight with maxs=true frames=true
[Architectury Transformer DEBUG] Writing mtr/block/BlockLiftTrackFloor with maxs=true frames=true
[Architectury Transformer DEBUG] Writing mtr/block/BlockPSDTop$EnumPersistent with maxs=true frames=true
[Architectury Transformer DEBUG] Writing mtr/block/BlockStationNameTallBase with maxs=true frames=true
[Architectury Transformer DEBUG] Writing mtr/block/BlockPSDAPGGlassEndBase with maxs=true frames=true
[Architectury Transformer DEBUG] Writing mtr/block/BlockSignalLight2Aspect3$TileEntitySignalLight2Aspect3 with maxs=true frames=true
[Architectury Transformer DEBUG] Writing mtr/block/BlockTrainCargoLoader$TileEntityTrainCargoLoader with maxs=true frames=true
[Architectury Transformer DEBUG] Writing mtr/block/BlockRailwaySign$SignType with maxs=true frames=true
[Architectury Transformer DEBUG] Writing mtr/block/BlockTicketProcessor with maxs=true frames=true
[Architectury Transformer DEBUG] Writing mtr/block/BlockStationColorGlassSlab with maxs=true frames=true
[Architectury Transformer DEBUG] Writing mtr/block/BlockLiftButtons with maxs=true frames=true
[Architectury Transformer DEBUG] Writing mtr/block/BlockClock$TileEntityClock with maxs=true frames=true
[Architectury Transformer DEBUG] Writing mtr/block/BlockRouteSignStandingLight with maxs=true frames=true
[Architectury Transformer DEBUG] Writing mtr/block/BlockTicketBarrier with maxs=true frames=true
[Architectury Transformer DEBUG] Writing mtr/block/BlockStationNameWallBase$TileEntityStationNameWallBase with maxs=true frames=true
[Architectury Transformer DEBUG] Writing mtr/block/BlockRailwaySign with maxs=true frames=true
[Architectury Transformer DEBUG] Writing mtr/block/BlockPSDAPGGlassBase with maxs=true frames=true
[Architectury Transformer DEBUG] Writing mtr/block/BlockArrivalProjector1Medium$TileEntityArrivalProjector1Medium with maxs=true frames=true
[Architectury Transformer DEBUG] Writing mtr/block/BlockCeilingAuto with maxs=true frames=true
[Architectury Transformer DEBUG] Writing mtr/block/BlockAPGGlass$TileEntityAPGGlass with maxs=true frames=true
[Architectury Transformer DEBUG] Writing mtr/block/BlockArrivalProjector1Small with maxs=true frames=true
[Architectury Transformer DEBUG] Writing mtr/block/BlockNode$TileEntityBoatNode with maxs=true frames=true
[Architectury Transformer DEBUG] Writing mtr/block/BlockStationNameTallBlock with maxs=true frames=true
[Architectury Transformer DEBUG] Writing mtr/block/BlockTrainCargoUnloader with maxs=true frames=true
[Architectury Transformer DEBUG] Writing mtr/block/BlockPSDTop$TileEntityPSDTop with maxs=true frames=true
[Architectury Transformer DEBUG] Writing mtr/block/BlockTicketProcessor$EnumTicketProcessorLights with maxs=true frames=true
[Architectury Transformer DEBUG] Writing mtr/block/BlockStationNameWallBlack$TileEntityStationNameWallBlack with maxs=true frames=true
[Architectury Transformer DEBUG] Writing mtr/block/BlockPIDS1$TileEntityBlockPIDS1 with maxs=true frames=true
[Architectury Transformer DEBUG] Writing mtr/block/BlockPSDDoor with maxs=true frames=true
[Architectury Transformer DEBUG] Writing mtr/block/BlockStationNameWallWhite$TileEntityStationNameWallWhite with maxs=true frames=true
[Architectury Transformer DEBUG] Writing mtr/block/BlockLiftDoorOdd with maxs=true frames=true
[Architectury Transformer DEBUG] Writing mtr/block/BlockPIDSBaseVertical$TileEntityBlockPIDSBaseVertical with maxs=true frames=true
[Architectury Transformer DEBUG] Writing mtr/block/BlockStationNameEntrance$TileEntityStationNameEntrance with maxs=true frames=true
[Architectury Transformer DEBUG] Writing mtr/packet/PacketTrainDataGuiServer with maxs=true frames=true
[Architectury Transformer DEBUG] Writing mtr/packet/IUpdateWebMap with maxs=true frames=true
[Architectury Transformer DEBUG] Writing mtr/packet/UpdateSquaremap with maxs=true frames=true
[Architectury Transformer DEBUG] Writing mtr/packet/UpdateBlueMap with maxs=true frames=true
[Architectury Transformer DEBUG] Writing mtr/packet/IUpdateWebMap$AreaCallback with maxs=true frames=true
[Architectury Transformer DEBUG] Writing mtr/packet/UpdateDynmap with maxs=true frames=true
[Architectury Transformer DEBUG] Writing mtr/packet/UpdateDynmap$1 with maxs=true frames=true
[Architectury Transformer DEBUG] Writing mtr/packet/PacketTrainDataBase with maxs=true frames=true
[Architectury Transformer DEBUG] Writing mtr/packet/PacketTrainDataGuiClient with maxs=true frames=true
[Architectury Transformer DEBUG] Writing mtr/packet/IPacket with maxs=true frames=true
[Architectury Transformer DEBUG] Writing mtr/packet/PacketTrainDataBase$PacketCallback with maxs=true frames=true
[Architectury Transformer DEBUG] Writing mtr/client/ClientCache with maxs=true frames=true
[Architectury Transformer DEBUG] Writing mtr/client/IDrawing with maxs=true frames=true
[Architectury Transformer DEBUG] Writing mtr/client/ClientCache$PlatformRouteDetails with maxs=true frames=true
[Architectury Transformer DEBUG] Writing mtr/client/ClientCache$ColorNameTuple with maxs=true frames=true
[Architectury Transformer DEBUG] Writing mtr/client/ResourcePackCreatorProperties with maxs=true frames=true
[Architectury Transformer DEBUG] Writing mtr/client/TrainProperties with maxs=true frames=true
[Architectury Transformer DEBUG] Writing mtr/client/DoorAnimationType with maxs=true frames=true
[Architectury Transformer DEBUG] Writing mtr/client/DebugKeys with maxs=true frames=true
[Architectury Transformer DEBUG] Writing mtr/client/RouteMapGenerator$StationPosition with maxs=true frames=true
[Architectury Transformer DEBUG] Writing mtr/client/ICustomResources with maxs=true frames=true
[Architectury Transformer DEBUG] Writing mtr/client/IResourcePackCreatorProperties with maxs=true frames=true
[Architectury Transformer DEBUG] Writing mtr/client/DynamicTrainModel with maxs=true frames=true
[Architectury Transformer DEBUG] Writing mtr/client/CustomResources with maxs=true frames=true
[Architectury Transformer DEBUG] Writing mtr/client/RouteMapGenerator$StationPositionGrouped with maxs=true frames=true
[Architectury Transformer DEBUG] Writing mtr/client/ClientData with maxs=true frames=true
[Architectury Transformer DEBUG] Writing mtr/client/IDrawing$DrawingCallback with maxs=true frames=true
[Architectury Transformer DEBUG] Writing mtr/client/ClientCache$DefaultRenderingColor with maxs=true frames=true
[Architectury Transformer DEBUG] Writing mtr/client/DynamicTrainModelLegacy with maxs=true frames=true
[Architectury Transformer DEBUG] Writing mtr/client/ResourcePackCreatorProperties$RenderCondition with maxs=true frames=true
[Architectury Transformer DEBUG] Writing mtr/client/ResourcePackCreatorProperties$DisplayType with maxs=true frames=true
[Architectury Transformer DEBUG] Writing mtr/client/ResourcePackCreatorProperties$DoorOffset with maxs=true frames=true
[Architectury Transformer DEBUG] Writing mtr/client/ClientCache$PlatformRouteDetails$StationDetails with maxs=true frames=true
[Architectury Transformer DEBUG] Writing mtr/client/RouteMapGenerator with maxs=true frames=true
[Architectury Transformer DEBUG] Writing mtr/client/DynamicTrainModel$PartInfo with maxs=true frames=true
[Architectury Transformer DEBUG] Writing mtr/client/TrainClientRegistry with maxs=true frames=true
[Architectury Transformer DEBUG] Writing mtr/client/Config with maxs=true frames=true
[Architectury Transformer DEBUG] Writing mtr/client/ClientCache$DynamicResource with maxs=true frames=true
[Architectury Transformer DEBUG] Writing mtr/client/ScrollingText with maxs=true frames=true
[Architectury Transformer DEBUG] Writing mtr/client/DynamicTrainModel$1 with maxs=true frames=true
[Architectury Transformer DEBUG] Writing mtr/client/CustomResources$CustomSign with maxs=true frames=true
[Architectury Transformer DEBUG] Writing mtr/sound/TrainLoopingSoundInstance with maxs=true frames=true
[Architectury Transformer DEBUG] Writing mtr/sound/JonTrainSound$JonTrainSoundConfig with maxs=true frames=true
[Architectury Transformer DEBUG] Writing mtr/sound/TrainSoundBase with maxs=true frames=true
[Architectury Transformer DEBUG] Writing mtr/sound/LoopingSoundInstance with maxs=true frames=true
[Architectury Transformer DEBUG] Writing mtr/sound/JonTrainSound with maxs=true frames=true
[Architectury Transformer DEBUG] Writing mtr/sound/bve/MotorData5$FloatSplines with maxs=true frames=true
[Architectury Transformer DEBUG] Writing mtr/sound/bve/MotorData5 with maxs=true frames=true
[Architectury Transformer DEBUG] Writing mtr/sound/bve/MotorData4 with maxs=true frames=true
[Architectury Transformer DEBUG] Writing mtr/sound/bve/BveTrainSoundConfig with maxs=true frames=true
[Architectury Transformer DEBUG] Writing mtr/sound/bve/ConfigFile with maxs=true frames=true
[Architectury Transformer DEBUG] Writing mtr/sound/bve/BveTrainSound with maxs=true frames=true
[Architectury Transformer DEBUG] Writing mtr/sound/bve/MotorDataBase with maxs=true frames=true
[Architectury Transformer DEBUG] Writing mtr/sound/bve/MotorData4$Channel with maxs=true frames=true
[Architectury Transformer DEBUG] Writing mtr/data/Train$CalculateCarCallback with maxs=true frames=true
[Architectury Transformer DEBUG] Writing mtr/data/UpdateNearbyMovingObjects with maxs=true frames=true
[Architectury Transformer DEBUG] Writing mtr/data/TrainType$TrainTypeCallback with maxs=true frames=true
[Architectury Transformer DEBUG] Writing mtr/data/IGui$HorizontalAlignment with maxs=true frames=true
[Architectury Transformer DEBUG] Writing mtr/data/RailwayDataRouteFinderModule$RouteFinderData with maxs=true frames=true
[Architectury Transformer DEBUG] Writing mtr/data/DataCache with maxs=true frames=true
[Architectury Transformer DEBUG] Writing mtr/data/RailwayDataRouteFinderModule$RouteFinderRequest with maxs=true frames=true
[Architectury Transformer DEBUG] Writing mtr/data/RailCalculator with maxs=true frames=true
[Architectury Transformer DEBUG] Writing mtr/data/IGui with maxs=true frames=true
[Architectury Transformer DEBUG] Writing mtr/data/Depot with maxs=true frames=true
[Architectury Transformer DEBUG] Writing mtr/data/DataConverter with maxs=true frames=true
[Architectury Transformer DEBUG] Writing mtr/data/MultipartName with maxs=true frames=true
[Architectury Transformer DEBUG] Writing mtr/data/RailwayDataLoggingModule with maxs=true frames=true
[Architectury Transformer DEBUG] Writing mtr/data/RailCalculator$Arc with maxs=true frames=true
[Architectury Transformer DEBUG] Writing mtr/data/TrainClient with maxs=true frames=true
[Architectury Transformer DEBUG] Writing mtr/data/LiftInstructions with maxs=true frames=true
[Architectury Transformer DEBUG] Writing mtr/data/RailwayDataRouteFinderModule$TickStage with maxs=true frames=true
[Architectury Transformer DEBUG] Writing mtr/data/Route with maxs=true frames=true
[Architectury Transformer DEBUG] Writing mtr/data/EnumHelper with maxs=true frames=true
[Architectury Transformer DEBUG] Writing mtr/data/Siding$TimeSegment with maxs=true frames=true
[Architectury Transformer DEBUG] Writing mtr/data/RailCalculator$Vec2 with maxs=true frames=true
[Architectury Transformer DEBUG] Writing mtr/data/RailwayDataRouteFinderModule with maxs=true frames=true
[Architectury Transformer DEBUG] Writing mtr/data/Rail$RailActionType with maxs=true frames=true
[Architectury Transformer DEBUG] Writing mtr/data/SignalBlocks with maxs=true frames=true
[Architectury Transformer DEBUG] Writing mtr/data/RailwayDataLoggingModule$LoggingEditType with maxs=true frames=true
[Architectury Transformer DEBUG] Writing mtr/data/SerializedDataBase with maxs=true frames=true
[Architectury Transformer DEBUG] Writing mtr/data/Lift with maxs=true frames=true
[Architectury Transformer DEBUG] Writing mtr/data/MultipartName$Usage with maxs=true frames=true
[Architectury Transformer DEBUG] Writing mtr/data/RailwayData$RouteAndStationsCallback with maxs=true frames=true
[Architectury Transformer DEBUG] Writing mtr/data/IReducedSaveData with maxs=true frames=true
[Architectury Transformer DEBUG] Writing mtr/data/TrainClient$AnnouncementCallback with maxs=true frames=true
[Architectury Transformer DEBUG] Writing mtr/data/RailwayDataCoolDownModule with maxs=true frames=true
[Architectury Transformer DEBUG] Writing mtr/data/LiftServer with maxs=true frames=true
[Architectury Transformer DEBUG] Writing mtr/data/RailNodeGeometry with maxs=true frames=true
[Architectury Transformer DEBUG] Writing mtr/data/RailCalculator$Segment with maxs=true frames=true
[Architectury Transformer DEBUG] Writing mtr/data/RailwayDataModuleBase with maxs=true frames=true
[Architectury Transformer DEBUG] Writing mtr/data/TrainType with maxs=true frames=true
[Architectury Transformer DEBUG] Writing mtr/data/SavedRailBase with maxs=true frames=true
[Architectury Transformer DEBUG] Writing mtr/data/TrainClient$SpeedCallback with maxs=true frames=true
[Architectury Transformer DEBUG] Writing mtr/data/MultipartName$Names with maxs=true frames=true
[Architectury Transformer DEBUG] Writing mtr/data/TransportMode with maxs=true frames=true
[Architectury Transformer DEBUG] Writing mtr/data/RailCalculator$Group with maxs=true frames=true
[Architectury Transformer DEBUG] Writing mtr/data/RailCalculator$Section with maxs=true frames=true
[Architectury Transformer DEBUG] Writing mtr/data/LiftClient with maxs=true frames=true
[Architectury Transformer DEBUG] Writing mtr/data/ScheduleEntry with maxs=true frames=true
[Architectury Transformer DEBUG] Writing mtr/data/Route$RoutePlatform with maxs=true frames=true
[Architectury Transformer DEBUG] Writing mtr/data/AreaBase with maxs=true frames=true
[Architectury Transformer DEBUG] Writing mtr/data/PIDSType with maxs=true frames=true
[Architectury Transformer DEBUG] Writing mtr/data/RailCalculator$Circle with maxs=true frames=true
[Architectury Transformer DEBUG] Writing mtr/data/Siding with maxs=true frames=true
[Architectury Transformer DEBUG] Writing mtr/data/RailType$RailSlopeStyle with maxs=true frames=true
[Architectury Transformer DEBUG] Writing mtr/data/LiftInstructions$LiftInstruction with maxs=true frames=true
[Architectury Transformer DEBUG] Writing mtr/data/IGui$1 with maxs=true frames=true
[Architectury Transformer DEBUG] Writing mtr/data/IGui$2 with maxs=true frames=true
[Architectury Transformer DEBUG] Writing mtr/data/Rail with maxs=true frames=true
[Architectury Transformer DEBUG] Writing mtr/data/RailwayData$RailEntry with maxs=true frames=true
[Architectury Transformer DEBUG] Writing mtr/data/Platform with maxs=true frames=true
[Architectury Transformer DEBUG] Writing mtr/data/RailCalculator$Line with maxs=true frames=true
[Architectury Transformer DEBUG] Writing mtr/data/NameColorDataBase with maxs=true frames=true
[Architectury Transformer DEBUG] Writing mtr/data/SignalBlocks$SignalBlock with maxs=true frames=true
[Architectury Transformer DEBUG] Writing mtr/data/RailwayData with maxs=true frames=true
[Architectury Transformer DEBUG] Writing mtr/data/Station with maxs=true frames=true
[Architectury Transformer DEBUG] Writing mtr/data/RailwayDataRouteFinderModule$ConnectionDetails with maxs=true frames=true
[Architectury Transformer DEBUG] Writing mtr/data/Lift$LiftStyle with maxs=true frames=true
[Architectury Transformer DEBUG] Writing mtr/data/Lift$LiftDirection with maxs=true frames=true
[Architectury Transformer DEBUG] Writing mtr/data/RailwayDataFileSaveModule$RailEntry with maxs=true frames=true
[Architectury Transformer DEBUG] Writing mtr/data/VehicleRidingServer with maxs=true frames=true
[Architectury Transformer DEBUG] Writing mtr/data/Rail$RailActions with maxs=true frames=true
[Architectury Transformer DEBUG] Writing mtr/data/RouteType with maxs=true frames=true
[Architectury Transformer DEBUG] Writing mtr/data/IPIDS$TileEntityPIDS with maxs=true frames=true
[Architectury Transformer DEBUG] Writing mtr/data/RailwayDataDriveTrainModule with maxs=true frames=true
[Architectury Transformer DEBUG] Writing mtr/data/RailAngle with maxs=true frames=true
[Architectury Transformer DEBUG] Writing mtr/data/RailCalculator$Shape with maxs=true frames=true
[Architectury Transformer DEBUG] Writing mtr/data/TicketSystem with maxs=true frames=true
[Architectury Transformer DEBUG] Writing mtr/data/TrainDelay with maxs=true frames=true
[Architectury Transformer DEBUG] Writing mtr/data/TicketSystem$EnumTicketBarrierOpen with maxs=true frames=true
[Architectury Transformer DEBUG] Writing mtr/data/IPIDS with maxs=true frames=true
[Architectury Transformer DEBUG] Writing mtr/data/RailwayDataRailActionsModule with maxs=true frames=true
[Architectury Transformer DEBUG] Writing mtr/data/Train with maxs=true frames=true
[Architectury Transformer DEBUG] Writing mtr/data/IPIDSRenderChild with maxs=true frames=true
[Architectury Transformer DEBUG] Writing mtr/data/MessagePackHelper with maxs=true frames=true
[Architectury Transformer DEBUG] Writing mtr/data/TrainServer with maxs=true frames=true
[Architectury Transformer DEBUG] Writing mtr/data/RailwayDataFileSaveModule with maxs=true frames=true
[Architectury Transformer DEBUG] Writing mtr/data/IGui$VerticalAlignment with maxs=true frames=true
[Architectury Transformer DEBUG] Writing mtr/data/Rail$RenderRail with maxs=true frames=true
[Architectury Transformer DEBUG] Writing mtr/data/LiftClient$RenderLift with maxs=true frames=true
[Architectury Transformer DEBUG] Writing mtr/data/PerlinNoise1D with maxs=true frames=true
[Architectury Transformer DEBUG] Writing mtr/data/VehicleRidingClient with maxs=true frames=true
[Architectury Transformer DEBUG] Writing mtr/data/Route$CircularState with maxs=true frames=true
[Architectury Transformer DEBUG] Writing mtr/data/RailType with maxs=true frames=true
[Architectury Transformer DEBUG] Writing mtr/data/RailwayDataPathGenerationModule with maxs=true frames=true
[Architectury Transformer DEBUG] Writing mtr/mappings/PersistentStateMapper with maxs=true frames=true
[Architectury Transformer DEBUG] Writing mtr/mappings/BlockEntityRendererMapper with maxs=true frames=true
[Architectury Transformer DEBUG] Writing mtr/mappings/NetworkUtilities with maxs=true frames=true
[Architectury Transformer DEBUG] Writing mtr/mappings/NetworkUtilities$PacketCallback with maxs=true frames=true
[Architectury Transformer DEBUG] Writing mtr/mappings/SoundInstanceMapper with maxs=true frames=true
[Architectury Transformer DEBUG] Writing mtr/mappings/RegistryUtilities with maxs=true frames=true
[Architectury Transformer DEBUG] Writing mtr/mappings/HorizontalBlockWithSoftLanding with maxs=true frames=true
[Architectury Transformer DEBUG] Writing mtr/mappings/ModelMapper with maxs=true frames=true
[Architectury Transformer DEBUG] Writing mtr/mappings/TickableMapper with maxs=true frames=true
[Architectury Transformer DEBUG] Writing mtr/mappings/Utilities$TileEntitySupplier with maxs=true frames=true
[Architectury Transformer DEBUG] Writing mtr/mappings/Text with maxs=true frames=true
[Architectury Transformer DEBUG] Writing mtr/mappings/BlockMapper with maxs=true frames=true
[Architectury Transformer DEBUG] Writing mtr/mappings/PlaceOnWaterBlockItem with maxs=true frames=true
[Architectury Transformer DEBUG] Writing mtr/mappings/RenderLayerMapper with maxs=true frames=true
[Architectury Transformer DEBUG] Writing mtr/mappings/EntityMapper with maxs=true frames=true
[Architectury Transformer DEBUG] Writing mtr/mappings/ScreenMapper with maxs=true frames=true
[Architectury Transformer DEBUG] Writing mtr/mappings/EntityRendererMapper with maxs=true frames=true
[Architectury Transformer DEBUG] Writing mtr/mappings/TickableSoundInstanceMapper with maxs=true frames=true
[Architectury Transformer DEBUG] Writing mtr/mappings/EntityBlockMapper with maxs=true frames=true
[Architectury Transformer DEBUG] Writing mtr/mappings/RegistryUtilitiesClient with maxs=true frames=true
[Architectury Transformer DEBUG] Writing mtr/mappings/BlockEntityMapper with maxs=true frames=true
[Architectury Transformer DEBUG] Writing mtr/mappings/ButtonMapper with maxs=true frames=true
[Architectury Transformer DEBUG] Writing mtr/mappings/Utilities with maxs=true frames=true
[Architectury Transformer DEBUG] Writing mtr/mappings/BlockEntityClientSerializableMapper with maxs=true frames=true
[Architectury Transformer DEBUG] Writing mtr/mappings/UtilitiesClient with maxs=true frames=true
[Architectury Transformer DEBUG] Writing mtr/mappings/ModelDataWrapper with maxs=true frames=true
[Architectury Transformer DEBUG] Writing mtr/mappings/SelectableMapper with maxs=true frames=true
[Architectury Transformer DEBUG] Writing mtr/mappings/BlockDirectionalMapper with maxs=true frames=true
[Architectury Transformer DEBUG] Writing mtr/mappings/WidgetMapper with maxs=true frames=true
[Architectury Transformer DEBUG] Writing mtr/model/ModelKTrainMini with maxs=true frames=true
[Architectury Transformer DEBUG] Writing mtr/model/ModelCTrain$1 with maxs=true frames=true
[Architectury Transformer DEBUG] Writing mtr/model/ModelBogie with maxs=true frames=true
[Architectury Transformer DEBUG] Writing mtr/model/ModelDoorOverlayTopBase with maxs=true frames=true
[Architectury Transformer DEBUG] Writing mtr/model/ModelDoorOverlay with maxs=true frames=true
[Architectury Transformer DEBUG] Writing mtr/model/ModelCTrain with maxs=true frames=true
[Architectury Transformer DEBUG] Writing mtr/model/ModelTrainBase$TextSpacingType with maxs=true frames=true
[Architectury Transformer DEBUG] Writing mtr/model/ModelNgongPing360 with maxs=true frames=true
[Architectury Transformer DEBUG] Writing mtr/model/ModelDoorOverlayTop with maxs=true frames=true
[Architectury Transformer DEBUG] Writing mtr/model/ModelKTrainSmall with maxs=true frames=true
[Architectury Transformer DEBUG] Writing mtr/model/ModelCMStockSmall with maxs=true frames=true
[Architectury Transformer DEBUG] Writing mtr/model/ModelSTrainMini with maxs=true frames=true
[Architectury Transformer DEBUG] Writing mtr/model/ModelSTrain$1 with maxs=true frames=true
[Architectury Transformer DEBUG] Writing mtr/model/ModelTrainBase with maxs=true frames=true
[Architectury Transformer DEBUG] Writing mtr/model/ModelLift1$1 with maxs=true frames=true
[Architectury Transformer DEBUG] Writing mtr/model/ModelKTrain$1 with maxs=true frames=true
[Architectury Transformer DEBUG] Writing mtr/model/ModelSTrainSmall with maxs=true frames=true
[Architectury Transformer DEBUG] Writing mtr/model/ModelTrainBase$RenderStage with maxs=true frames=true
[Architectury Transformer DEBUG] Writing mtr/model/ModelMTrain with maxs=true frames=true
[Architectury Transformer DEBUG] Writing mtr/model/ModelCMStock$1 with maxs=true frames=true
[Architectury Transformer DEBUG] Writing mtr/model/ModelCMStock with maxs=true frames=true
[Architectury Transformer DEBUG] Writing mtr/model/ModelMTrainSmall with maxs=true frames=true
[Architectury Transformer DEBUG] Writing mtr/model/ModelCMStockMini with maxs=true frames=true
[Architectury Transformer DEBUG] Writing mtr/model/ModelSTrain with maxs=true frames=true
[Architectury Transformer DEBUG] Writing mtr/model/ModelCTrainSmall with maxs=true frames=true
[Architectury Transformer DEBUG] Writing mtr/model/ModelDoorOverlay$1 with maxs=true frames=true
[Architectury Transformer DEBUG] Writing mtr/model/ModelCableCarGrip with maxs=true frames=true
[Architectury Transformer DEBUG] Writing mtr/model/ModelMTrainMini with maxs=true frames=true
[Architectury Transformer DEBUG] Writing mtr/model/ModelLift1 with maxs=true frames=true
[Architectury Transformer DEBUG] Writing mtr/model/ModelKTrain with maxs=true frames=true
[Architectury Transformer DEBUG] Writing mtr/model/ModelSimpleTrainBase with maxs=true frames=true
[Architectury Transformer DEBUG] Writing mtr/model/ModelCTrainMini with maxs=true frames=true
[Architectury Transformer DEBUG] Writing mtr/model/ModelMTrain$1 with maxs=true frames=true
[Architectury Transformer DEBUG] Writing mtr/screen/EditRouteScreen with maxs=true frames=true
[Architectury Transformer DEBUG] Writing mtr/screen/ConfigScreen with maxs=true frames=true
[Architectury Transformer DEBUG] Writing mtr/screen/SidingScreen with maxs=true frames=true
[Architectury Transformer DEBUG] Writing mtr/screen/TrainScheduleSensorScreen with maxs=true frames=true
[Architectury Transformer DEBUG] Writing mtr/screen/DashboardList with maxs=true frames=true
[Architectury Transformer DEBUG] Writing mtr/screen/ResourcePackCreatorOptionsScreen with maxs=true frames=true
[Architectury Transformer DEBUG] Writing mtr/screen/RailActionsScreen with maxs=true frames=true
[Architectury Transformer DEBUG] Writing mtr/screen/WidgetMap with maxs=true frames=true
[Architectury Transformer DEBUG] Writing mtr/screen/WidgetColorSelector$DraggingState with maxs=true frames=true
[Architectury Transformer DEBUG] Writing mtr/screen/ResourcePackCreatorScreen with maxs=true frames=true
[Architectury Transformer DEBUG] Writing mtr/screen/Checkbox with maxs=true frames=true
[Architectury Transformer DEBUG] Writing mtr/screen/WidgetBetterTextField$TextFieldFilter with maxs=true frames=true
[Architectury Transformer DEBUG] Writing mtr/screen/ImageButton with maxs=true frames=true
[Architectury Transformer DEBUG] Writing mtr/screen/EditStationScreen with maxs=true frames=true
[Architectury Transformer DEBUG] Writing mtr/screen/LiftCustomizationScreen with maxs=true frames=true
[Architectury Transformer DEBUG] Writing mtr/screen/WidgetBetterCheckbox$OnClick with maxs=true frames=true
[Architectury Transformer DEBUG] Writing mtr/screen/FileUploaderScreen with maxs=true frames=true
[Architectury Transformer DEBUG] Writing mtr/screen/WidgetBetterCheckbox with maxs=true frames=true
[Architectury Transformer DEBUG] Writing mtr/screen/PlatformScreen with maxs=true frames=true
[Architectury Transformer DEBUG] Writing mtr/screen/EditNameColorScreenBase with maxs=true frames=true
[Architectury Transformer DEBUG] Writing mtr/screen/DeleteConfirmationScreen with maxs=true frames=true
[Architectury Transformer DEBUG] Writing mtr/screen/DashboardListSelectorScreen with maxs=true frames=true
[Architectury Transformer DEBUG] Writing mtr/screen/LiftSelectionScreen with maxs=true frames=true
[Architectury Transformer DEBUG] Writing mtr/screen/ArrivalProjectorConfigScreen with maxs=true frames=true
[Architectury Transformer DEBUG] Writing mtr/screen/WidgetMap$OnDrawCorners with maxs=true frames=true
[Architectury Transformer DEBUG] Writing mtr/screen/WidgetSilentImageButton with maxs=true frames=true
[Architectury Transformer DEBUG] Writing mtr/screen/WidgetMap$MapState with maxs=true frames=true
[Architectury Transformer DEBUG] Writing mtr/screen/TrainBasicSensorScreen with maxs=true frames=true
[Architectury Transformer DEBUG] Writing mtr/screen/WidgetMap$MouseOnSavedRailCallback with maxs=true frames=true
[Architectury Transformer DEBUG] Writing mtr/screen/RailwaySignScreen with maxs=true frames=true
[Architectury Transformer DEBUG] Writing mtr/screen/LiftTrackFloorScreen with maxs=true frames=true
[Architectury Transformer DEBUG] Writing mtr/screen/EditDepotScreen with maxs=true frames=true
[Architectury Transformer DEBUG] Writing mtr/screen/DashboardScreen with maxs=true frames=true
[Architectury Transformer DEBUG] Writing mtr/screen/RailwaySignScreen$LoopSignsCallback with maxs=true frames=true
[Architectury Transformer DEBUG] Writing mtr/screen/ResourcePackCreatorScreen$1 with maxs=true frames=true
[Architectury Transformer DEBUG] Writing mtr/screen/WidgetShorterSlider with maxs=true frames=true
[Architectury Transformer DEBUG] Writing mtr/screen/PIDSConfigScreen with maxs=true frames=true
[Architectury Transformer DEBUG] Writing mtr/screen/SidingScreen$TrainForList with maxs=true frames=true
[Architectury Transformer DEBUG] Writing mtr/screen/TicketMachineScreen with maxs=true frames=true
[Architectury Transformer DEBUG] Writing mtr/screen/WidgetColorSelector$ColorSelectorScreen with maxs=true frames=true
[Architectury Transformer DEBUG] Writing mtr/screen/TrainSensorScreenBase with maxs=true frames=true
[Architectury Transformer DEBUG] Writing mtr/screen/SavedRailScreenBase with maxs=true frames=true
[Architectury Transformer DEBUG] Writing mtr/screen/WidgetColorSelector with maxs=true frames=true
[Architectury Transformer DEBUG] Writing mtr/screen/WidgetBetterTextField with maxs=true frames=true
[Architectury Transformer DEBUG] Writing mtr/screen/TrainAnnouncerScreen with maxs=true frames=true
[Architectury Transformer DEBUG] Writing mtr/screen/DashboardScreen$SelectedTab with maxs=true frames=true
[Architectury Transformer DEBUG] Writing mtr/item/ItemTunnelCreator with maxs=true frames=true
[Architectury Transformer DEBUG] Writing mtr/item/ItemBlockEnchanted with maxs=true frames=true
[Architectury Transformer DEBUG] Writing mtr/item/ItemPSDAPGBase$EnumPSDAPGType with maxs=true frames=true
[Architectury Transformer DEBUG] Writing mtr/item/ItemResourcePackCreator with maxs=true frames=true
[Architectury Transformer DEBUG] Writing mtr/item/ItemRailModifier with maxs=true frames=true
[Architectury Transformer DEBUG] Writing mtr/item/ItemWithCreativeTabBase$ItemPlaceOnWater with maxs=true frames=true
[Architectury Transformer DEBUG] Writing mtr/item/ItemBridgeCreator with maxs=true frames=true
[Architectury Transformer DEBUG] Writing mtr/item/ItemNodeModifierBase with maxs=true frames=true
[Architectury Transformer DEBUG] Writing mtr/item/ItemDashboard with maxs=true frames=true
[Architectury Transformer DEBUG] Writing mtr/item/ItemTunnelWallCreator with maxs=true frames=true
[Architectury Transformer DEBUG] Writing mtr/item/ItemLiftButtonsLinkModifier with maxs=true frames=true
[Architectury Transformer DEBUG] Writing mtr/item/ItemNodeModifierSelectableBlockBase with maxs=true frames=true
[Architectury Transformer DEBUG] Writing mtr/item/ItemLiftRefresher with maxs=true frames=true
[Architectury Transformer DEBUG] Writing mtr/item/ItemEscalator with maxs=true frames=true
[Architectury Transformer DEBUG] Writing mtr/item/ItemPSDAPGBase with maxs=true frames=true
[Architectury Transformer DEBUG] Writing mtr/item/ItemSignalModifier with maxs=true frames=true
[Architectury Transformer DEBUG] Writing mtr/item/ItemBlockClickingBase with maxs=true frames=true
[Architectury Transformer DEBUG] Writing mtr/item/ItemPSDAPGBase$EnumPSDAPGItem with maxs=true frames=true
[Architectury Transformer DEBUG] Writing mtr/item/ItemWithCreativeTabBase with maxs=true frames=true
[Architectury Transformer DEBUG] Writing mtr/render/RenderSignalBase with maxs=true frames=true
[Architectury Transformer DEBUG] Writing mtr/render/RenderClock with maxs=true frames=true
[Architectury Transformer DEBUG] Writing mtr/render/JonModelTrainRenderer with maxs=true frames=true
[Architectury Transformer DEBUG] Writing mtr/render/RenderPSDTop with maxs=true frames=true
[Architectury Transformer DEBUG] Writing mtr/render/RenderFreeNode with maxs=true frames=true
[Architectury Transformer DEBUG] Writing mtr/render/RenderPIDS$1 with maxs=true frames=true
[Architectury Transformer DEBUG] Writing mtr/render/RenderStationNameTiled with maxs=true frames=true
[Architectury Transformer DEBUG] Writing mtr/render/RenderBoatNode with maxs=true frames=true
[Architectury Transformer DEBUG] Writing mtr/render/RenderLiftPanel with maxs=true frames=true
[Architectury Transformer DEBUG] Writing mtr/render/RenderRailwaySign with maxs=true frames=true
[Architectury Transformer DEBUG] Writing mtr/render/RenderPSDAPGDoor with maxs=true frames=true
[Architectury Transformer DEBUG] Writing mtr/render/RenderAPGGlass with maxs=true frames=true
[Architectury Transformer DEBUG] Writing mtr/render/JonModelTrainRenderer$FakeBoat with maxs=true frames=true
[Architectury Transformer DEBUG] Writing mtr/render/RenderRouteBase$RenderType with maxs=true frames=true
[Architectury Transformer DEBUG] Writing mtr/render/RenderPSDAPGDoor$ModelAPGDoorBottom with maxs=true frames=true
[Architectury Transformer DEBUG] Writing mtr/render/MatrixStackHolder with maxs=true frames=true
[Architectury Transformer DEBUG] Writing mtr/render/RenderTrains$QueuedRenderLayer with maxs=true frames=true
[Architectury Transformer DEBUG] Writing mtr/render/RenderRouteBase with maxs=true frames=true
[Architectury Transformer DEBUG] Writing mtr/render/StoredMatrixTransformations with maxs=true frames=true
[Architectury Transformer DEBUG] Writing mtr/render/RenderTrains with maxs=true frames=true
[Architectury Transformer DEBUG] Writing mtr/render/RenderDrivingOverlay with maxs=true frames=true
[Architectury Transformer DEBUG] Writing mtr/render/MoreRenderLayers with maxs=true frames=true
[Architectury Transformer DEBUG] Writing mtr/render/RenderLiftButtons with maxs=true frames=true
[Architectury Transformer DEBUG] Writing mtr/render/TrainRendererBase with maxs=true frames=true
[Architectury Transformer DEBUG] Writing mtr/render/RenderPIDS with maxs=true frames=true
[Architectury Transformer DEBUG] Writing mtr/render/RenderRouteSign with maxs=true frames=true
[Architectury Transformer DEBUG] Writing mtr/render/RenderStationNameTall with maxs=true frames=true
[Architectury Transformer DEBUG] Writing mtr/render/RenderSignalSemaphore with maxs=true frames=true
[Architectury Transformer DEBUG] Writing mtr/render/RenderSignalLight4Aspect with maxs=true frames=true
[Architectury Transformer DEBUG] Writing mtr/render/RenderStationNameBase with maxs=true frames=true
[Architectury Transformer DEBUG] Writing mtr/render/RenderPSDAPGDoor$ModelSingleCube with maxs=true frames=true
[Architectury Transformer DEBUG] Writing mtr/render/RenderPSDAPGDoor$ModelAPGDoorLight with maxs=true frames=true
[Architectury Transformer DEBUG] Writing mtr/render/RenderTrains$1 with maxs=true frames=true
[Architectury Transformer DEBUG] Writing mtr/render/RenderRailwaySign$DrawTexture with maxs=true frames=true
[Architectury Transformer DEBUG] Writing mtr/render/RenderSignalLight3Aspect with maxs=true frames=true
[Architectury Transformer DEBUG] Writing mtr/render/RenderSignalLight2Aspect with maxs=true frames=true
[Architectury Transformer DEBUG] Writing mtr/path/PathFinder$PathPart with maxs=true frames=true
[Architectury Transformer DEBUG] Writing mtr/path/PathFinder with maxs=true frames=true
[Architectury Transformer DEBUG] Writing mtr/path/PathData with maxs=true frames=true
[Architectury Transformer DEBUG] Writing mtr/entity/EntityBase with maxs=true frames=true
[Architectury Transformer DEBUG] Writing mtr/servlet/Webserver with maxs=true frames=true
[Architectury Transformer DEBUG] Writing mtr/servlet/RouteFinderServletHandler$PositionInfo with maxs=true frames=true
[Architectury Transformer DEBUG] Writing mtr/servlet/IServletHandler$1 with maxs=true frames=true
[Architectury Transformer DEBUG] Writing mtr/servlet/DataServletHandler with maxs=true frames=true
[Architectury Transformer DEBUG] Writing mtr/servlet/IServletHandler with maxs=true frames=true
[Architectury Transformer DEBUG] Writing mtr/servlet/RouteFinderServletHandler with maxs=true frames=true
[Architectury Transformer DEBUG] Writing mtr/servlet/ArrivalsServletHandler with maxs=true frames=true
[Architectury Transformer DEBUG] Writing mtr/servlet/DelaysServletHandler with maxs=true frames=true
[Architectury Transformer DEBUG] Writing mtr/servlet/InfoServletHandler with maxs=true frames=true
[Architectury Transformer DEBUG] Writing cn/zbx1425/sowcer/ContextCapability with maxs=true frames=true
[Architectury Transformer DEBUG] Writing cn/zbx1425/sowcer/vertex/VertAttrType with maxs=true frames=true
[Architectury Transformer DEBUG] Writing cn/zbx1425/sowcer/vertex/VertAttrState with maxs=true frames=true
[Architectury Transformer DEBUG] Writing cn/zbx1425/sowcer/vertex/VertAttrMapping with maxs=true frames=true
[Architectury Transformer DEBUG] Writing cn/zbx1425/sowcer/vertex/VertAttrMapping$Builder with maxs=true frames=true
[Architectury Transformer DEBUG] Writing cn/zbx1425/sowcer/vertex/VertAttrSrc with maxs=true frames=true
[Architectury Transformer DEBUG] Writing cn/zbx1425/sowcer/vertex/VertAttrMapping$1 with maxs=true frames=true
[Architectury Transformer DEBUG] Writing cn/zbx1425/sowcer/vertex/VertAttrState$1 with maxs=true frames=true
[Architectury Transformer DEBUG] Writing cn/zbx1425/sowcer/shader/PatchingResourceProvider with maxs=true frames=true
[Architectury Transformer DEBUG] Writing cn/zbx1425/sowcer/shader/BlazeRenderType with maxs=true frames=true
[Architectury Transformer DEBUG] Writing cn/zbx1425/sowcer/shader/ShaderManager with maxs=true frames=true
[Architectury Transformer DEBUG] Writing cn/zbx1425/sowcer/model/Model with maxs=true frames=true
[Architectury Transformer DEBUG] Writing cn/zbx1425/sowcer/model/VertArrays with maxs=true frames=true
[Architectury Transformer DEBUG] Writing cn/zbx1425/sowcer/model/Mesh with maxs=true frames=true
[Architectury Transformer DEBUG] Writing cn/zbx1425/sowcer/batch/BatchManager$BatchTuple with maxs=true frames=true
[Architectury Transformer DEBUG] Writing cn/zbx1425/sowcer/batch/MaterialProp with maxs=true frames=true
[Architectury Transformer DEBUG] Writing cn/zbx1425/sowcer/batch/ShaderProp with maxs=true frames=true
[Architectury Transformer DEBUG] Writing cn/zbx1425/sowcer/batch/BatchManager$RenderCall with maxs=true frames=true
[Architectury Transformer DEBUG] Writing cn/zbx1425/sowcer/batch/EnqueueProp with maxs=true frames=true
[Architectury Transformer DEBUG] Writing cn/zbx1425/sowcer/batch/BatchManager with maxs=true frames=true
[Architectury Transformer DEBUG] Writing cn/zbx1425/sowcer/object/InstanceBuf with maxs=true frames=true
[Architectury Transformer DEBUG] Writing cn/zbx1425/sowcer/object/VertBuf with maxs=true frames=true
[Architectury Transformer DEBUG] Writing cn/zbx1425/sowcer/object/VertArray with maxs=true frames=true
[Architectury Transformer DEBUG] Writing cn/zbx1425/sowcer/object/IndexBuf with maxs=true frames=true
[Architectury Transformer DEBUG] Writing cn/zbx1425/sowcer/math/Matrices with maxs=true frames=true
[Architectury Transformer DEBUG] Writing cn/zbx1425/sowcer/math/PoseStackUtil with maxs=true frames=true
[Architectury Transformer DEBUG] Writing cn/zbx1425/sowcer/math/Matrix4f with maxs=true frames=true
[Architectury Transformer DEBUG] Writing cn/zbx1425/sowcer/math/Vector3f with maxs=true frames=true
[Architectury Transformer DEBUG] Writing cn/zbx1425/sowcer/util/GlStateTracker with maxs=true frames=true
[Architectury Transformer DEBUG] Writing cn/zbx1425/sowcer/util/AttrUtil with maxs=true frames=true
[Architectury Transformer DEBUG] Writing cn/zbx1425/sowcer/util/OffHeapAllocator with maxs=true frames=true
[Architectury Transformer DEBUG] Writing cn/zbx1425/sowcer/util/DrawContext with maxs=true frames=true
[Architectury Transformer DEBUG] Writing cn/zbx1425/mtrsteamloco/ClientConfig with maxs=true frames=true
[Architectury Transformer DEBUG] Writing cn/zbx1425/mtrsteamloco/MainClient with maxs=true frames=true
[Architectury Transformer DEBUG] Writing cn/zbx1425/mtrsteamloco/NTEClientCommand with maxs=true frames=true
[Architectury Transformer DEBUG] Writing cn/zbx1425/mtrsteamloco/Main$RegisterBlockItem with maxs=true frames=true
[Architectury Transformer DEBUG] Writing cn/zbx1425/mtrsteamloco/Debug with maxs=true frames=true
[Architectury Transformer DEBUG] Writing cn/zbx1425/mtrsteamloco/Main with maxs=true frames=true
[Architectury Transformer DEBUG] Writing cn/zbx1425/mtrsteamloco/RegistriesWrapper with maxs=true frames=true
[Architectury Transformer DEBUG] Writing cn/zbx1425/mtrsteamloco/CustomResources with maxs=true frames=true
[Architectury Transformer DEBUG] Writing cn/zbx1425/mtrsteamloco/BuildConfig with maxs=true frames=true
[Architectury Transformer DEBUG] Writing cn/zbx1425/mtrsteamloco/block/BlockEyeCandy with maxs=true frames=true
[Architectury Transformer DEBUG] Writing cn/zbx1425/mtrsteamloco/block/BlockEyeCandy$BlockEntityEyeCandy with maxs=true frames=true
[Architectury Transformer DEBUG] Writing cn/zbx1425/mtrsteamloco/block/BlockOneWayGate with maxs=true frames=true
[Architectury Transformer DEBUG] Writing cn/zbx1425/mtrsteamloco/sound/DwellTimeBveTrainSound with maxs=true frames=true
[Architectury Transformer DEBUG] Writing cn/zbx1425/mtrsteamloco/sound/NoopTrainSound with maxs=true frames=true
[Architectury Transformer DEBUG] Writing cn/zbx1425/mtrsteamloco/data/RepeaterMode with maxs=true frames=true
[Architectury Transformer DEBUG] Writing cn/zbx1425/mtrsteamloco/data/EyeCandyRegistry with maxs=true frames=true
[Architectury Transformer DEBUG] Writing cn/zbx1425/mtrsteamloco/data/RepeaterAttachment with maxs=true frames=true
[Architectury Transformer DEBUG] Writing cn/zbx1425/mtrsteamloco/data/EyeCandyProperties with maxs=true frames=true
[Architectury Transformer DEBUG] Writing cn/zbx1425/mtrsteamloco/data/ScriptedCustomTrains with maxs=true frames=true
[Architectury Transformer DEBUG] Writing cn/zbx1425/mtrsteamloco/data/RailExtraSupplier with maxs=true frames=true
[Architectury Transformer DEBUG] Writing cn/zbx1425/mtrsteamloco/data/RailModelRepeater with maxs=true frames=true
[Architectury Transformer DEBUG] Writing cn/zbx1425/mtrsteamloco/data/RailModelRegistry with maxs=true frames=true
[Architectury Transformer DEBUG] Writing cn/zbx1425/mtrsteamloco/data/RailModelRepeater$UndoEntry with maxs=true frames=true
[Architectury Transformer DEBUG] Writing cn/zbx1425/mtrsteamloco/data/RailModelProperties with maxs=true frames=true
[Architectury Transformer DEBUG] Writing cn/zbx1425/mtrsteamloco/data/RailModelInstanceOverride with maxs=true frames=true
[Architectury Transformer DEBUG] Writing cn/zbx1425/mtrsteamloco/gui/ConfigScreen with maxs=true frames=true
[Architectury Transformer DEBUG] Writing cn/zbx1425/mtrsteamloco/gui/SelectListScreen with maxs=true frames=true
[Architectury Transformer DEBUG] Writing cn/zbx1425/mtrsteamloco/gui/VirtualDriveOverlay with maxs=true frames=true
[Architectury Transformer DEBUG] Writing cn/zbx1425/mtrsteamloco/gui/RailEditorGeometryScreen with maxs=true frames=true
[Architectury Transformer DEBUG] Writing cn/zbx1425/mtrsteamloco/gui/WidgetManualPositionBar with maxs=true frames=true
[Architectury Transformer DEBUG] Writing cn/zbx1425/mtrsteamloco/gui/RailEditorVisualScreen$ModelSelectTarget with maxs=true frames=true
[Architectury Transformer DEBUG] Writing cn/zbx1425/mtrsteamloco/gui/EyeCandyScreen with maxs=true frames=true
[Architectury Transformer DEBUG] Writing cn/zbx1425/mtrsteamloco/gui/WidgetLabel with maxs=true frames=true
[Architectury Transformer DEBUG] Writing cn/zbx1425/mtrsteamloco/gui/RailEditorVisualScreen with maxs=true frames=true
[Architectury Transformer DEBUG] Writing cn/zbx1425/mtrsteamloco/gui/WidgetScrollPanel with maxs=true frames=true
[Architectury Transformer DEBUG] Writing cn/zbx1425/mtrsteamloco/gui/AbstractScrollWidget with maxs=true frames=true
[Architectury Transformer DEBUG] Writing cn/zbx1425/mtrsteamloco/gui/ErrorScreen with maxs=true frames=true
[Architectury Transformer DEBUG] Writing cn/zbx1425/mtrsteamloco/gui/RailEditorVisualScreen$1 with maxs=true frames=true
[Architectury Transformer DEBUG] Writing cn/zbx1425/mtrsteamloco/gui/WidgetScrollList with maxs=true frames=true
[Architectury Transformer DEBUG] Writing cn/zbx1425/mtrsteamloco/gui/RailEditorGeometryScreen$AngleSlider with maxs=true frames=true
[Architectury Transformer DEBUG] Writing cn/zbx1425/mtrsteamloco/gui/ScriptDebugOverlay with maxs=true frames=true
[Architectury Transformer DEBUG] Writing cn/zbx1425/mtrsteamloco/gui/WidgetSlider with maxs=true frames=true
[Architectury Transformer DEBUG] Writing cn/zbx1425/mtrsteamloco/game/VirtualDriveClientData with maxs=true frames=true
[Architectury Transformer DEBUG] Writing cn/zbx1425/mtrsteamloco/game/TrainVirtualDrive with maxs=true frames=true
[Architectury Transformer DEBUG] Writing cn/zbx1425/mtrsteamloco/game/DelayedValue with maxs=true frames=true
[Architectury Transformer DEBUG] Writing cn/zbx1425/mtrsteamloco/render/ByteBufferOutputStream with maxs=true frames=true
[Architectury Transformer DEBUG] Writing cn/zbx1425/mtrsteamloco/render/ShadersModHandler$Optifine with maxs=true frames=true
[Architectury Transformer DEBUG] Writing cn/zbx1425/mtrsteamloco/render/ShadersModHandler with maxs=true frames=true
[Architectury Transformer DEBUG] Writing cn/zbx1425/mtrsteamloco/render/ShadersModHandler$1 with maxs=true frames=true
[Architectury Transformer DEBUG] Writing cn/zbx1425/mtrsteamloco/render/RailPicker with maxs=true frames=true
[Architectury Transformer DEBUG] Writing cn/zbx1425/mtrsteamloco/render/ShadersModHandler$InternalHandler with maxs=true frames=true
[Architectury Transformer DEBUG] Writing cn/zbx1425/mtrsteamloco/render/ShadersModHandler$Iris with maxs=true frames=true
[Architectury Transformer DEBUG] Writing cn/zbx1425/mtrsteamloco/render/RenderUtil with maxs=true frames=true
[Architectury Transformer DEBUG] Writing cn/zbx1425/mtrsteamloco/render/block/BlockEntityEyeCandyRenderer with maxs=true frames=true
[Architectury Transformer DEBUG] Writing cn/zbx1425/mtrsteamloco/render/rail/ModelRef with maxs=true frames=true
[Architectury Transformer DEBUG] Writing cn/zbx1425/mtrsteamloco/render/rail/MeshBuildingRailChunk with maxs=true frames=true
[Architectury Transformer DEBUG] Writing cn/zbx1425/mtrsteamloco/render/rail/BakedRail with maxs=true frames=true
[Architectury Transformer DEBUG] Writing cn/zbx1425/mtrsteamloco/render/rail/BakedRail$BoundaryPosition with maxs=true frames=true
[Architectury Transformer DEBUG] Writing cn/zbx1425/mtrsteamloco/render/rail/RailChunkBase$RailTranformList with maxs=true frames=true
[Architectury Transformer DEBUG] Writing cn/zbx1425/mtrsteamloco/render/rail/BakedRail$TransformOnBoundary with maxs=true frames=true
[Architectury Transformer DEBUG] Writing cn/zbx1425/mtrsteamloco/render/rail/InstancedRailChunk with maxs=true frames=true
[Architectury Transformer DEBUG] Writing cn/zbx1425/mtrsteamloco/render/rail/BakedRail$IndexedPosition with maxs=true frames=true
[Architectury Transformer DEBUG] Writing cn/zbx1425/mtrsteamloco/render/rail/RailRenderDispatcher with maxs=true frames=true
[Architectury Transformer DEBUG] Writing cn/zbx1425/mtrsteamloco/render/rail/RailChunkBase with maxs=true frames=true
[Architectury Transformer DEBUG] Writing cn/zbx1425/mtrsteamloco/render/rail/BakedRail$PositionResult with maxs=true frames=true
[Architectury Transformer DEBUG] Writing cn/zbx1425/mtrsteamloco/render/rail/BakedRail$1 with maxs=true frames=true
[Architectury Transformer DEBUG] Writing cn/zbx1425/mtrsteamloco/render/train/RenderTrainD51 with maxs=true frames=true
[Architectury Transformer DEBUG] Writing cn/zbx1425/mtrsteamloco/render/train/RenderTrainDK3 with maxs=true frames=true
[Architectury Transformer DEBUG] Writing cn/zbx1425/mtrsteamloco/render/train/SteamSmokeParticle$Provider with maxs=true frames=true
[Architectury Transformer DEBUG] Writing cn/zbx1425/mtrsteamloco/render/train/RenderTrainDK3Mini with maxs=true frames=true
[Architectury Transformer DEBUG] Writing cn/zbx1425/mtrsteamloco/render/train/NoopTrainRenderer with maxs=true frames=true
[Architectury Transformer DEBUG] Writing cn/zbx1425/mtrsteamloco/render/train/SteamSmokeParticle with maxs=true frames=true
[Architectury Transformer DEBUG] Writing cn/zbx1425/mtrsteamloco/render/integration/DynamicTrainModelLoader$1 with maxs=true frames=true
[Architectury Transformer DEBUG] Writing cn/zbx1425/mtrsteamloco/render/integration/SowcerModelAgent with maxs=true frames=true
[Architectury Transformer DEBUG] Writing cn/zbx1425/mtrsteamloco/render/integration/MtrModelRegistryUtil with maxs=true frames=true
[Architectury Transformer DEBUG] Writing cn/zbx1425/mtrsteamloco/render/integration/DynamicTrainModelLoader$PartBatch with maxs=true frames=true
[Architectury Transformer DEBUG] Writing cn/zbx1425/mtrsteamloco/render/integration/DynamicTrainModelLoader with maxs=true frames=true
[Architectury Transformer DEBUG] Writing cn/zbx1425/mtrsteamloco/render/scripting/ScriptResourceUtil with maxs=true frames=true
[Architectury Transformer DEBUG] Writing cn/zbx1425/mtrsteamloco/render/scripting/AbstractDrawCalls with maxs=true frames=true
[Architectury Transformer DEBUG] Writing cn/zbx1425/mtrsteamloco/render/scripting/AbstractScriptContext with maxs=true frames=true
[Architectury Transformer DEBUG] Writing cn/zbx1425/mtrsteamloco/render/scripting/AbstractDrawCalls$PlaySoundCall with maxs=true frames=true
[Architectury Transformer DEBUG] Writing cn/zbx1425/mtrsteamloco/render/scripting/ScriptContextManager with maxs=true frames=true
[Architectury Transformer DEBUG] Writing cn/zbx1425/mtrsteamloco/render/scripting/AbstractDrawCalls$ClusterDrawCall with maxs=true frames=true
[Architectury Transformer DEBUG] Writing cn/zbx1425/mtrsteamloco/render/scripting/ScriptHolder with maxs=true frames=true
[Architectury Transformer DEBUG] Writing cn/zbx1425/mtrsteamloco/render/scripting/eyecandy/EyeCandyScriptContext with maxs=true frames=true
[Architectury Transformer DEBUG] Writing cn/zbx1425/mtrsteamloco/render/scripting/eyecandy/EyeCandyDrawCalls with maxs=true frames=true
[Architectury Transformer DEBUG] Writing cn/zbx1425/mtrsteamloco/render/scripting/train/TrainScriptContext with maxs=true frames=true
[Architectury Transformer DEBUG] Writing cn/zbx1425/mtrsteamloco/render/scripting/train/TrainWrapper$PlatformInfo with maxs=true frames=true
[Architectury Transformer DEBUG] Writing cn/zbx1425/mtrsteamloco/render/scripting/train/TrainDrawCalls with maxs=true frames=true
[Architectury Transformer DEBUG] Writing cn/zbx1425/mtrsteamloco/render/scripting/train/TrainWrapper with maxs=true frames=true
[Architectury Transformer DEBUG] Writing cn/zbx1425/mtrsteamloco/render/scripting/train/TrainWrapper$PlatformLookupMap with maxs=true frames=true
[Architectury Transformer DEBUG] Writing cn/zbx1425/mtrsteamloco/render/scripting/train/ScriptedTrainRenderer with maxs=true frames=true
[Architectury Transformer DEBUG] Writing cn/zbx1425/mtrsteamloco/render/scripting/util/StateTracker with maxs=true frames=true
[Architectury Transformer DEBUG] Writing cn/zbx1425/mtrsteamloco/render/scripting/util/GraphicsTexture with maxs=true frames=true
[Architectury Transformer DEBUG] Writing cn/zbx1425/mtrsteamloco/render/scripting/util/GraphicsTexture$IntBufDataBuffer with maxs=true frames=true
[Architectury Transformer DEBUG] Writing cn/zbx1425/mtrsteamloco/render/scripting/util/TextUtil with maxs=true frames=true
[Architectury Transformer DEBUG] Writing cn/zbx1425/mtrsteamloco/render/scripting/util/TimingUtil with maxs=true frames=true
[Architectury Transformer DEBUG] Writing cn/zbx1425/mtrsteamloco/render/scripting/util/MinecraftClientUtil with maxs=true frames=true
[Architectury Transformer DEBUG] Writing cn/zbx1425/mtrsteamloco/render/scripting/util/RateLimit with maxs=true frames=true
[Architectury Transformer DEBUG] Writing cn/zbx1425/mtrsteamloco/render/scripting/util/DynamicModelHolder with maxs=true frames=true
[Architectury Transformer DEBUG] Writing cn/zbx1425/mtrsteamloco/render/scripting/util/CycleTracker with maxs=true frames=true
[Architectury Transformer DEBUG] Writing cn/zbx1425/mtrsteamloco/mixin/ResourcePackCreatorScreenMixin with maxs=true frames=true
[Architectury Transformer DEBUG] Writing cn/zbx1425/mtrsteamloco/mixin/RenderTrainsMixin with maxs=true frames=true
[Architectury Transformer DEBUG] Writing cn/zbx1425/mtrsteamloco/mixin/DynamicTrainModelMixin with maxs=true frames=true
[Architectury Transformer DEBUG] Writing cn/zbx1425/mtrsteamloco/mixin/GLFWMixin with maxs=true frames=true
[Architectury Transformer DEBUG] Writing cn/zbx1425/mtrsteamloco/mixin/ItemWithCreativeTabBaseMixin with maxs=true frames=true
[Architectury Transformer DEBUG] Writing cn/zbx1425/mtrsteamloco/mixin/TrainClientMixin with maxs=true frames=true
[Architectury Transformer DEBUG] Writing cn/zbx1425/mtrsteamloco/mixin/NativeImageAccessor with maxs=true frames=true
[Architectury Transformer DEBUG] Writing cn/zbx1425/mtrsteamloco/mixin/GameRendererMixin with maxs=true frames=true
[Architectury Transformer DEBUG] Writing cn/zbx1425/mtrsteamloco/mixin/TrainClientAccessor with maxs=true frames=true
[Architectury Transformer DEBUG] Writing cn/zbx1425/mtrsteamloco/mixin/ModelSimpleTrainBaseAccessor with maxs=true frames=true
[Architectury Transformer DEBUG] Writing cn/zbx1425/mtrsteamloco/mixin/DynamicImageAccessor with maxs=true frames=true
[Architectury Transformer DEBUG] Writing cn/zbx1425/mtrsteamloco/mixin/ResourcePackCreatorPropertiesMixin with maxs=true frames=true
[Architectury Transformer DEBUG] Writing cn/zbx1425/mtrsteamloco/mixin/LevelRendererAccessor with maxs=true frames=true
[Architectury Transformer DEBUG] Writing cn/zbx1425/mtrsteamloco/mixin/TrainAccessor with maxs=true frames=true
[Architectury Transformer DEBUG] Writing cn/zbx1425/mtrsteamloco/mixin/KeyboardHandlerMixin with maxs=true frames=true
[Architectury Transformer DEBUG] Writing cn/zbx1425/mtrsteamloco/mixin/BlockNodeMixin with maxs=true frames=true
[Architectury Transformer DEBUG] Writing cn/zbx1425/mtrsteamloco/mixin/RailAccessor with maxs=true frames=true
[Architectury Transformer DEBUG] Writing cn/zbx1425/mtrsteamloco/mixin/PackMixin with maxs=true frames=true
[Architectury Transformer DEBUG] Writing cn/zbx1425/mtrsteamloco/mixin/JonModelTrainRendererMixin with maxs=true frames=true
[Architectury Transformer DEBUG] Writing cn/zbx1425/mtrsteamloco/mixin/ModelPartAccessor with maxs=true frames=true
[Architectury Transformer DEBUG] Writing cn/zbx1425/mtrsteamloco/mixin/ClientCacheAccessor with maxs=true frames=true
[Architectury Transformer DEBUG] Writing cn/zbx1425/mtrsteamloco/mixin/LevelRendererMixin with maxs=true frames=true
[Architectury Transformer DEBUG] Writing cn/zbx1425/mtrsteamloco/mixin/RailMixin with maxs=true frames=true
[Architectury Transformer DEBUG] Writing cn/zbx1425/mtrsteamloco/mixin/CustomResourcesMixin with maxs=true frames=true
[Architectury Transformer DEBUG] Writing cn/zbx1425/mtrsteamloco/mixin/ModelMapperAccessor with maxs=true frames=true
[Architectury Transformer DEBUG] Writing cn/zbx1425/mtrsteamloco/mixin/RailActionsMixin with maxs=true frames=true
[Architectury Transformer DEBUG] Writing cn/zbx1425/mtrsteamloco/mixin/RailwayDataAccessor with maxs=true frames=true
[Architectury Transformer DEBUG] Writing cn/zbx1425/mtrsteamloco/mixin/TrainClientRegistryMixin with maxs=true frames=true
[Architectury Transformer DEBUG] Writing cn/zbx1425/mtrsteamloco/network/PacketVirtualDrivingPlayers$Client with maxs=true frames=true
[Architectury Transformer DEBUG] Writing cn/zbx1425/mtrsteamloco/network/PacketUpdateRail with maxs=true frames=true
[Architectury Transformer DEBUG] Writing cn/zbx1425/mtrsteamloco/network/PacketScreen with maxs=true frames=true
[Architectury Transformer DEBUG] Writing cn/zbx1425/mtrsteamloco/network/PacketVirtualDrivingPlayers with maxs=true frames=true
[Architectury Transformer DEBUG] Writing cn/zbx1425/mtrsteamloco/network/PacketScreen$MakeClassLoaderHappy with maxs=true frames=true
[Architectury Transformer DEBUG] Writing cn/zbx1425/mtrsteamloco/network/PacketUpdateBlockEntity with maxs=true frames=true
[Architectury Transformer DEBUG] Writing cn/zbx1425/mtrsteamloco/network/PacketVersionCheck with maxs=true frames=true
[Architectury Transformer DEBUG] Writing cn/zbx1425/mtrsteamloco/network/PacketUpdateHoldingItem with maxs=true frames=true
[Architectury Transformer DEBUG] Writing cn/zbx1425/mtrsteamloco/network/PacketVirtualDrive with maxs=true frames=true
[Architectury Transformer DEBUG] Writing cn/zbx1425/sowcerext/model/ModelCluster with maxs=true frames=true
[Architectury Transformer DEBUG] Writing cn/zbx1425/sowcerext/model/Face with maxs=true frames=true
[Architectury Transformer DEBUG] Writing cn/zbx1425/sowcerext/model/Vertex with maxs=true frames=true
[Architectury Transformer DEBUG] Writing cn/zbx1425/sowcerext/model/RawMesh with maxs=true frames=true
[Architectury Transformer DEBUG] Writing cn/zbx1425/sowcerext/model/RawModel with maxs=true frames=true
[Architectury Transformer DEBUG] Writing cn/zbx1425/sowcerext/model/loader/NmbModelLoader with maxs=true frames=true
[Architectury Transformer DEBUG] Writing cn/zbx1425/sowcerext/model/loader/ObjModelLoader with maxs=true frames=true
[Architectury Transformer DEBUG] Writing cn/zbx1425/sowcerext/model/loader/CsvModelLoader with maxs=true frames=true
[Architectury Transformer DEBUG] Writing cn/zbx1425/sowcerext/model/loader/ObjModelLoader$ZeroFloatTuple with maxs=true frames=true
[Architectury Transformer DEBUG] Writing cn/zbx1425/sowcerext/model/integration/RawMeshBuilder with maxs=true frames=true
[Architectury Transformer DEBUG] Writing cn/zbx1425/sowcerext/model/integration/FaceList$TransformedFace with maxs=true frames=true
[Architectury Transformer DEBUG] Writing cn/zbx1425/sowcerext/model/integration/FaceList with maxs=true frames=true
[Architectury Transformer DEBUG] Writing cn/zbx1425/sowcerext/model/integration/BufferSourceProxy with maxs=true frames=true
[Architectury Transformer DEBUG] Writing cn/zbx1425/sowcerext/multipart/MultipartUpdateProp with maxs=true frames=true
[Architectury Transformer DEBUG] Writing cn/zbx1425/sowcerext/multipart/MultipartContainer with maxs=true frames=true
[Architectury Transformer DEBUG] Writing cn/zbx1425/sowcerext/multipart/PartBase with maxs=true frames=true
[Architectury Transformer DEBUG] Writing cn/zbx1425/sowcerext/multipart/animated/AnimatedLoader with maxs=true frames=true
[Architectury Transformer DEBUG] Writing cn/zbx1425/sowcerext/multipart/animated/StaticPart with maxs=true frames=true
[Architectury Transformer DEBUG] Writing cn/zbx1425/sowcerext/multipart/animated/AnimatedPartStates with maxs=true frames=true
[Architectury Transformer DEBUG] Writing cn/zbx1425/sowcerext/multipart/animated/AnimatedPart with maxs=true frames=true
[Architectury Transformer DEBUG] Writing cn/zbx1425/sowcerext/multipart/animated/script/Executor with maxs=true frames=true
[Architectury Transformer DEBUG] Writing cn/zbx1425/sowcerext/multipart/animated/script/CSUtil with maxs=true frames=true
[Architectury Transformer DEBUG] Writing cn/zbx1425/sowcerext/multipart/animated/script/Instructions with maxs=true frames=true
[Architectury Transformer DEBUG] Writing cn/zbx1425/sowcerext/multipart/animated/script/Executor$1 with maxs=true frames=true
[Architectury Transformer DEBUG] Writing cn/zbx1425/sowcerext/multipart/animated/script/FunctionScript with maxs=true frames=true
[Architectury Transformer DEBUG] Writing cn/zbx1425/sowcerext/multipart/animated/script/Notation with maxs=true frames=true
[Architectury Transformer DEBUG] Writing cn/zbx1425/sowcerext/multipart/mi/MiPart with maxs=true frames=true
[Architectury Transformer DEBUG] Writing cn/zbx1425/sowcerext/multipart/mi/MiScheduleHelper with maxs=true frames=true
[Architectury Transformer DEBUG] Writing cn/zbx1425/sowcerext/multipart/mi/MiLoader with maxs=true frames=true
[Architectury Transformer DEBUG] Writing cn/zbx1425/sowcerext/multipart/mi/MiPart$FloatSpline with maxs=true frames=true
[Architectury Transformer DEBUG] Writing cn/zbx1425/sowcerext/util/Logging with maxs=true frames=true
[Architectury Transformer DEBUG] Writing cn/zbx1425/sowcerext/util/ResourceUtil with maxs=true frames=true
[Architectury Transformer DEBUG] Writing cn/zbx1425/sowcerext/reuse/ModelManager with maxs=true frames=true
[Architectury Transformer DEBUG] Writing cn/zbx1425/sowcerext/reuse/AtlasSprite with maxs=true frames=true
[Architectury Transformer DEBUG] Writing cn/zbx1425/sowcerext/reuse/DrawScheduler$ClusterDrawCall with maxs=true frames=true
[Architectury Transformer DEBUG] Writing cn/zbx1425/sowcerext/reuse/AtlasManager with maxs=true frames=true
[Architectury Transformer DEBUG] Writing cn/zbx1425/sowcerext/reuse/DrawScheduler with maxs=true frames=true
[Architectury Transformer DEBUG] Checking whether /mtrsteamloco.mixins.json is a mixin config.
[Architectury Transformer DEBUG] Checking whether /mixins.mtrsteamloco.refmap.json is a mixin config.
[Architectury Transformer DEBUG] Found mixin config(s): /mtrsteamloco.mixins.json
[Architectury Transformer DEBUG] Injecting mixins.mtrsteamloco.refmap.json to /mtrsteamloco.mixins.json
[Architectury Transformer DEBUG] Closed File Systems for /Users/Emiliano/Documents/NeoMTR/common/build/libs/common-300.6.1+1.21.1-transformProductionFabric.jar
[Architectury Transformer] Transformed jar with 5 transformer(s) in 3.622 s
[Architectury Transformer DEBUG] 
[Architectury Transformer DEBUG] ============================
[Architectury Transformer DEBUG] Transforming from /Users/Emiliano/Documents/NeoMTR/common/build/devlibs/common-300.6.1+1.21.1-dev.jar to /Users/Emiliano/Documents/NeoMTR/common/build/libs/common-300.6.1+1.21.1-transformProductionNeoForge.jar
[Architectury Transformer DEBUG] ============================
[Architectury Transformer DEBUG] 
[Architectury Transformer DEBUG] Transforming 5 transformer(s) from /Users/Emiliano/Documents/NeoMTR/common/build/devlibs/common-300.6.1+1.21.1-dev.jar to /Users/Emiliano/Documents/NeoMTR/common/build/libs/common-300.6.1+1.21.1-transformProductionNeoForge.jar: 
[Architectury Transformer DEBUG]  - dev.architectury.transformer.transformers.TransformExpectPlatform@7d8472bc
[Architectury Transformer DEBUG]  - dev.architectury.transformer.transformers.RemapInjectables@31737e61
[Architectury Transformer DEBUG]  - dev.architectury.transformer.transformers.TransformPlatformOnly@78b6ed7e
[Architectury Transformer DEBUG]  - dev.architectury.transformer.transformers.TransformNeoForgeAnnotations@48e8890
[Architectury Transformer DEBUG]  - dev.architectury.transformer.transformers.TransformNeoForgeEnvironment@5a410b2f
[Architectury Transformer DEBUG] Transforming from /Users/Emiliano/Documents/NeoMTR/common/build/devlibs/common-300.6.1+1.21.1-dev.jar to /Users/Emiliano/Documents/NeoMTR/common/build/libs/common-300.6.1+1.21.1-transformProductionNeoForge.jar with 5 transformer(s) on dev.architectury.transformer.handler.SimpleTransformerHandler
[Architectury Transformer DEBUG] Remapping with 1 mapping provider(s):
[Architectury Transformer DEBUG]  - dev.architectury.transformer.transformers.TransformNeoForgeEnvironment$$Lambda/0x00000080021d51f8@3ff9281e
[Architectury Transformer DEBUG] Provided 81 classpath jar(s):
[Architectury Transformer DEBUG]  - /Users/Emiliano/.gradle/caches/modules-2/files-2.1/dev.architectury/architectury-injectables/1.0.10/62db2a366d662606d1b23ad02ccc3212ed37ec3/architectury-injectables-1.0.10.jar
[Architectury Transformer DEBUG]  - /Users/Emiliano/.gradle/caches/modules-2/files-2.1/net.fabricmc/fabric-loader/0.19.2/cc647a5b22dbc49b9a3267cebcee25fc4882b108/fabric-loader-0.19.2.jar
[Architectury Transformer DEBUG]  - /Users/Emiliano/.gradle/caches/modules-2/files-2.1/org.jetbrains/annotations/24.1.0/7af6a669488450c4a07c2c3254e2151df42d7d04/annotations-24.1.0.jar
[Architectury Transformer DEBUG]  - /Users/Emiliano/Documents/NeoMTR/libs/Dynmap-3.2.1.jar
[Architectury Transformer DEBUG]  - /Users/Emiliano/Documents/NeoMTR/libs/BlueMapAPI-2.1.1.jar
[Architectury Transformer DEBUG]  - /Users/Emiliano/.gradle/caches/modules-2/files-2.1/xyz.jpenilla/squaremap-api/1.3.13/8b282861881a928b21ee3a36850a3b7cc6ce1094/squaremap-api-1.3.13.jar
[Architectury Transformer DEBUG]  - /Users/Emiliano/.gradle/caches/modules-2/files-2.1/org.eclipse.jetty/jetty-servlet/9.4.58.v20250814/bb10a371cbb3f03ae1657d79bea1f64ea6c0cc9b/jetty-servlet-9.4.58.v20250814.jar
[Architectury Transformer DEBUG]  - /Users/Emiliano/.gradle/caches/modules-2/files-2.1/org.eclipse.jetty/jetty-security/9.4.58.v20250814/9b2548cdc6b30f0425b1563f2553ba75b29da4fd/jetty-security-9.4.58.v20250814.jar
[Architectury Transformer DEBUG]  - /Users/Emiliano/.gradle/caches/modules-2/files-2.1/org.eclipse.jetty/jetty-server/9.4.58.v20250814/e9ac923c0ffbc08f6b8d08bbc81093fee725b85e/jetty-server-9.4.58.v20250814.jar
[Architectury Transformer DEBUG]  - /Users/Emiliano/.gradle/caches/modules-2/files-2.1/org.eclipse.jetty/jetty-http/9.4.58.v20250814/98c52c56ecc1eedd9e05327f266f35c5ef8bf0c4/jetty-http-9.4.58.v20250814.jar
[Architectury Transformer DEBUG]  - /Users/Emiliano/.gradle/caches/modules-2/files-2.1/org.eclipse.jetty/jetty-io/9.4.58.v20250814/e198dae4d91fa79d9c1e2e039870d49c487c45cf/jetty-io-9.4.58.v20250814.jar
[Architectury Transformer DEBUG]  - /Users/Emiliano/.gradle/caches/modules-2/files-2.1/org.eclipse.jetty/jetty-util-ajax/9.4.58.v20250814/44a41bccf287e2cd98f35a4ac758fe950a66be86/jetty-util-ajax-9.4.58.v20250814.jar
[Architectury Transformer DEBUG]  - /Users/Emiliano/.gradle/caches/modules-2/files-2.1/org.eclipse.jetty/jetty-util/9.4.58.v20250814/4175e2c7b347d31dba112e8a6f168a029a5f4225/jetty-util-9.4.58.v20250814.jar
[Architectury Transformer DEBUG]  - /Users/Emiliano/.gradle/caches/modules-2/files-2.1/javax.servlet/javax.servlet-api/4.0.1/a27082684a2ff0bf397666c3943496c44541d1ca/javax.servlet-api-4.0.1.jar
[Architectury Transformer DEBUG]  - /Users/Emiliano/.gradle/caches/modules-2/files-2.1/org.msgpack/msgpack-core/0.9.12/7ed93230c1d5ded2eab11908031132fa3649a30b/msgpack-core-0.9.12.jar
[Architectury Transformer DEBUG]  - /Users/Emiliano/.gradle/caches/modules-2/files-2.1/com.hierynomus/sshj/0.40.0/755b2aef8b3e50ab86cfaff29bcb3804639b5862/sshj-0.40.0.jar
[Architectury Transformer DEBUG]  - /Users/Emiliano/.gradle/caches/modules-2/files-2.1/com.github.jonafanho/Minecraft-Mod-API-Tools/b33012bd4098a807dca91dc469f2b0018df6ff96/69f2468a6789afb16df16943da5c5ecdb5ee372f/Minecraft-Mod-API-Tools-b33012bd4098a807dca91dc469f2b0018df6ff96.jar
[Architectury Transformer DEBUG]  - /Users/Emiliano/Documents/NeoMTR/rhino/build/libs/rhino.jar
[Architectury Transformer DEBUG]  - /Users/Emiliano/.gradle/caches/modules-2/files-2.1/org.ow2.asm/asm/9.6/aa205cf0a06dbd8e04ece91c0b37c3f5d567546a/asm-9.6.jar
[Architectury Transformer DEBUG]  - /Users/Emiliano/.gradle/caches/modules-2/files-2.1/org.ow2.asm/asm-analysis/9.6/9ce6c7b174bd997fc2552dff47964546bd7a5ec3/asm-analysis-9.6.jar
[Architectury Transformer DEBUG]  - /Users/Emiliano/.gradle/caches/modules-2/files-2.1/org.ow2.asm/asm-commons/9.6/f1a9e5508eff490744144565c47326c8648be309/asm-commons-9.6.jar
[Architectury Transformer DEBUG]  - /Users/Emiliano/.gradle/caches/modules-2/files-2.1/org.ow2.asm/asm-tree/9.6/c0cdda9d211e965d2a4448aa3fd86110f2f8c2de/asm-tree-9.6.jar
[Architectury Transformer DEBUG]  - /Users/Emiliano/.gradle/caches/modules-2/files-2.1/org.ow2.asm/asm-util/9.6/f77caf84eb93786a749b2baa40865b9613e3eaee/asm-util-9.6.jar
[Architectury Transformer DEBUG]  - /Users/Emiliano/.gradle/caches/modules-2/files-2.1/net.fabricmc/sponge-mixin/0.15.2+mixin.0.8.7/2af2f021d8e02a0220dc27a7a72b4666d66d44ca/sponge-mixin-0.15.2+mixin.0.8.7.jar
[Architectury Transformer DEBUG]  - /Users/Emiliano/.gradle/caches/modules-2/files-2.1/io.github.llamalad7/mixinextras-fabric/0.4.1/8d1a9e96afb990367fa1f904d17580d164da72e3/mixinextras-fabric-0.4.1.jar
[Architectury Transformer DEBUG]  - /Users/Emiliano/.gradle/caches/modules-2/files-2.1/ca.weblite/java-objc-bridge/1.1/1227f9e0666314f9de41477e3ec277e542ed7f7b/java-objc-bridge-1.1.jar
[Architectury Transformer DEBUG]  - /Users/Emiliano/.gradle/caches/modules-2/files-2.1/com.github.oshi/oshi-core/6.4.10/b1d8ab82d11d92fd639b56d639f8f46f739dd5fa/oshi-core-6.4.10.jar
[Architectury Transformer DEBUG]  - /Users/Emiliano/.gradle/caches/modules-2/files-2.1/com.google.code.gson/gson/2.10.1/b3add478d4382b78ea20b1671390a858002feb6c/gson-2.10.1.jar
[Architectury Transformer DEBUG]  - /Users/Emiliano/.gradle/caches/modules-2/files-2.1/com.google.guava/failureaccess/1.0.1/1dcf1de382a0bf95a3d8b0849546c88bac1292c9/failureaccess-1.0.1.jar
[Architectury Transformer DEBUG]  - /Users/Emiliano/.gradle/caches/modules-2/files-2.1/com.google.guava/guava/32.1.2-jre/5e64ec7e056456bef3a4bc4c6fdaef71e8ab6318/guava-32.1.2-jre.jar
[Architectury Transformer DEBUG]  - /Users/Emiliano/.gradle/caches/modules-2/files-2.1/com.ibm.icu/icu4j/73.2/61ad4ef7f9131fcf6d25c34b817f90d6da06c9e9/icu4j-73.2.jar
[Architectury Transformer DEBUG]  - /Users/Emiliano/.gradle/caches/modules-2/files-2.1/com.mojang/authlib/6.0.54/de8bc95660e1b2fe8793fd427a7a10dcec5b3ea7/authlib-6.0.54.jar
[Architectury Transformer DEBUG]  - /Users/Emiliano/.gradle/caches/modules-2/files-2.1/com.mojang/blocklist/1.0.10/5c685c5ffa94c4cd39496c7184c1d122e515ecef/blocklist-1.0.10.jar
[Architectury Transformer DEBUG]  - /Users/Emiliano/.gradle/caches/modules-2/files-2.1/com.mojang/brigadier/1.3.10/d15b53a14cf20fdcaa98f731af5dda654452c010/brigadier-1.3.10.jar
[Architectury Transformer DEBUG]  - /Users/Emiliano/.gradle/caches/modules-2/files-2.1/com.mojang/datafixerupper/8.0.16/67d4de6d7f95d89bcf5862995fb854ebaec02a34/datafixerupper-8.0.16.jar
[Architectury Transformer DEBUG]  - /Users/Emiliano/.gradle/caches/modules-2/files-2.1/com.mojang/logging/1.2.7/24cb95ffb0e3433fd6e844c04e68009e504ca1c0/logging-1.2.7.jar
[Architectury Transformer DEBUG]  - /Users/Emiliano/.gradle/caches/modules-2/files-2.1/com.mojang/patchy/2.2.10/da05971b07cbb379d002cf7eaec6a2048211fefc/patchy-2.2.10.jar
[Architectury Transformer DEBUG]  - /Users/Emiliano/.gradle/caches/modules-2/files-2.1/com.mojang/text2speech/1.17.9/3cad216e3a7f0c19b4b394388bc9ffc446f13b14/text2speech-1.17.9.jar
[Architectury Transformer DEBUG]  - /Users/Emiliano/.gradle/caches/modules-2/files-2.1/org.apache.httpcomponents/httpmime/4.5.13/efc110bad4a0d45cda7858e6beee1d8a8313da5a/httpmime-4.5.13.jar
[Architectury Transformer DEBUG]  - /Users/Emiliano/.gradle/caches/modules-2/files-2.1/org.apache.httpcomponents/httpclient/4.5.13/e5f6cae5ca7ecaac1ec2827a9e2d65ae2869cada/httpclient-4.5.13.jar
[Architectury Transformer DEBUG]  - /Users/Emiliano/.gradle/caches/modules-2/files-2.1/commons-codec/commons-codec/1.16.0/4e3eb3d79888d76b54e28b350915b5dc3919c9de/commons-codec-1.16.0.jar
[Architectury Transformer DEBUG]  - /Users/Emiliano/.gradle/caches/modules-2/files-2.1/commons-io/commons-io/2.15.1/f11560da189ab563a5c8e351941415430e9304ea/commons-io-2.15.1.jar
[Architectury Transformer DEBUG]  - /Users/Emiliano/.gradle/caches/modules-2/files-2.1/commons-logging/commons-logging/1.2/4bfc12adfe4842bf07b657f0369c4cb522955686/commons-logging-1.2.jar
[Architectury Transformer DEBUG]  - /Users/Emiliano/.gradle/caches/modules-2/files-2.1/io.netty/netty-buffer/4.1.97.Final/f8f3d8644afa5e6e1a40a3a6aeb9d9aa970ecb4f/netty-buffer-4.1.97.Final.jar
[Architectury Transformer DEBUG]  - /Users/Emiliano/.gradle/caches/modules-2/files-2.1/io.netty/netty-codec/4.1.97.Final/384ba4d75670befbedb45c4d3b497a93639c206d/netty-codec-4.1.97.Final.jar
[Architectury Transformer DEBUG]  - /Users/Emiliano/.gradle/caches/modules-2/files-2.1/io.netty/netty-common/4.1.97.Final/7cceacaf11df8dc63f23d0fb58e9d4640fc88404/netty-common-4.1.97.Final.jar
[Architectury Transformer DEBUG]  - /Users/Emiliano/.gradle/caches/modules-2/files-2.1/io.netty/netty-handler/4.1.97.Final/abb86c6906bf512bf2b797a41cd7d2e8d3cd7c36/netty-handler-4.1.97.Final.jar
[Architectury Transformer DEBUG]  - /Users/Emiliano/.gradle/caches/modules-2/files-2.1/io.netty/netty-resolver/4.1.97.Final/cec8348108dc76c47cf87c669d514be52c922144/netty-resolver-4.1.97.Final.jar
[Architectury Transformer DEBUG]  - /Users/Emiliano/.gradle/caches/modules-2/files-2.1/io.netty/netty-transport-classes-epoll/4.1.97.Final/795da37ded759e862457a82d9d92c4d39ce8ecee/netty-transport-classes-epoll-4.1.97.Final.jar
[Architectury Transformer DEBUG]  - /Users/Emiliano/.gradle/caches/modules-2/files-2.1/io.netty/netty-transport-native-unix-common/4.1.97.Final/d469d84265ab70095b01b40886cabdd433b6e664/netty-transport-native-unix-common-4.1.97.Final.jar
[Architectury Transformer DEBUG]  - /Users/Emiliano/.gradle/caches/modules-2/files-2.1/io.netty/netty-transport/4.1.97.Final/f37380d23c9bb079bc702910833b2fd532c9abd0/netty-transport-4.1.97.Final.jar
[Architectury Transformer DEBUG]  - /Users/Emiliano/.gradle/caches/modules-2/files-2.1/it.unimi.dsi/fastutil/8.5.12/c24946d46824bd528054bface3231d2ecb7e95e8/fastutil-8.5.12.jar
[Architectury Transformer DEBUG]  - /Users/Emiliano/.gradle/caches/modules-2/files-2.1/net.java.dev.jna/jna-platform/5.14.0/28934d48aed814f11e4c584da55c49fa7032b31b/jna-platform-5.14.0.jar
[Architectury Transformer DEBUG]  - /Users/Emiliano/.gradle/caches/modules-2/files-2.1/net.java.dev.jna/jna/5.14.0/67bf3eaea4f0718cb376a181a629e5f88fa1c9dd/jna-5.14.0.jar
[Architectury Transformer DEBUG]  - /Users/Emiliano/.gradle/caches/modules-2/files-2.1/net.sf.jopt-simple/jopt-simple/5.0.4/4fdac2fbe92dfad86aa6e9301736f6b4342a3f5c/jopt-simple-5.0.4.jar
[Architectury Transformer DEBUG]  - /Users/Emiliano/.gradle/caches/modules-2/files-2.1/org.apache.commons/commons-compress/1.26.0/659feffdd12280201c8aacb8f7be94f9a883c824/commons-compress-1.26.0.jar
[Architectury Transformer DEBUG]  - /Users/Emiliano/.gradle/caches/modules-2/files-2.1/org.apache.commons/commons-lang3/3.14.0/1ed471194b02f2c6cb734a0cd6f6f107c673afae/commons-lang3-3.14.0.jar
[Architectury Transformer DEBUG]  - /Users/Emiliano/.gradle/caches/modules-2/files-2.1/org.apache.httpcomponents/httpcore/4.4.16/51cf043c87253c9f58b539c9f7e44c8894223850/httpcore-4.4.16.jar
[Architectury Transformer DEBUG]  - /Users/Emiliano/.gradle/caches/modules-2/files-2.1/org.apache.logging.log4j/log4j-api/2.22.1/bea6fede6328fabafd7e68363161a7ea6605abd1/log4j-api-2.22.1.jar
[Architectury Transformer DEBUG]  - /Users/Emiliano/.gradle/caches/modules-2/files-2.1/org.apache.logging.log4j/log4j-core/2.22.1/7183a25510a02ad00cc6a95d3b3d2a7d3c5a8dc4/log4j-core-2.22.1.jar
[Architectury Transformer DEBUG]  - /Users/Emiliano/.gradle/caches/modules-2/files-2.1/org.apache.logging.log4j/log4j-slf4j2-impl/2.22.1/d7e6693c2606cb7e7335047d7bb96dec52db5665/log4j-slf4j2-impl-2.22.1.jar
[Architectury Transformer DEBUG]  - /Users/Emiliano/.gradle/caches/modules-2/files-2.1/org.jcraft/jorbis/0.0.17/8872d22b293e8f5d7d56ff92be966e6dc28ebdc6/jorbis-0.0.17.jar
[Architectury Transformer DEBUG]  - /Users/Emiliano/.gradle/caches/modules-2/files-2.1/org.joml/joml/1.10.5/22566d58af70ad3d72308bab63b8339906deb649/joml-1.10.5.jar
[Architectury Transformer DEBUG]  - /Users/Emiliano/.gradle/caches/modules-2/files-2.1/org.lwjgl/lwjgl-freetype/3.3.3/a0db6c84a8becc8ca05f9dbfa985edc348a824c7/lwjgl-freetype-3.3.3.jar
[Architectury Transformer DEBUG]  - /Users/Emiliano/.gradle/caches/modules-2/files-2.1/org.lwjgl/lwjgl-glfw/3.3.3/efa1eb78c5ccd840e9f329717109b5e892d72f8e/lwjgl-glfw-3.3.3.jar
[Architectury Transformer DEBUG]  - /Users/Emiliano/.gradle/caches/modules-2/files-2.1/org.lwjgl/lwjgl-jemalloc/3.3.3/b543467b7ff3c6920539a88ee602d34098628be5/lwjgl-jemalloc-3.3.3.jar
[Architectury Transformer DEBUG]  - /Users/Emiliano/.gradle/caches/modules-2/files-2.1/org.lwjgl/lwjgl-openal/3.3.3/daada81ceb5fc0c291fbfdd4433cb8d9423577f2/lwjgl-openal-3.3.3.jar
[Architectury Transformer DEBUG]  - /Users/Emiliano/.gradle/caches/modules-2/files-2.1/org.lwjgl/lwjgl-opengl/3.3.3/2f6b0147078396a58979125a4c947664e98293a/lwjgl-opengl-3.3.3.jar
[Architectury Transformer DEBUG]  - /Users/Emiliano/.gradle/caches/modules-2/files-2.1/org.lwjgl/lwjgl-stb/3.3.3/25dd6161988d7e65f71d5065c99902402ee32746/lwjgl-stb-3.3.3.jar
[Architectury Transformer DEBUG]  - /Users/Emiliano/.gradle/caches/modules-2/files-2.1/org.lwjgl/lwjgl-tinyfd/3.3.3/82d755ca94b102e9ca77283b9e2dc46d1b15fbe5/lwjgl-tinyfd-3.3.3.jar
[Architectury Transformer DEBUG]  - /Users/Emiliano/.gradle/caches/modules-2/files-2.1/org.lwjgl/lwjgl/3.3.3/29589b5f87ed335a6c7e7ee6a5775f81f97ecb84/lwjgl-3.3.3.jar
[Architectury Transformer DEBUG]  - /Users/Emiliano/.gradle/caches/modules-2/files-2.1/org.lz4/lz4-java/1.8.0/4b986a99445e49ea5fbf5d149c4b63f6ed6c6780/lz4-java-1.8.0.jar
[Architectury Transformer DEBUG]  - /Users/Emiliano/.gradle/caches/modules-2/files-2.1/com.hierynomus/asn-one/0.6.0/7f6141541e0a4d3ae0b02c901c2c1e9a772eb3d7/asn-one-0.6.0.jar
[Architectury Transformer DEBUG]  - /Users/Emiliano/.gradle/caches/modules-2/files-2.1/org.slf4j/slf4j-api/2.0.17/d9e58ac9c7779ba3bf8142aff6c830617a7fe60f/slf4j-api-2.0.17.jar
[Architectury Transformer DEBUG]  - /Users/Emiliano/Documents/NeoMTR/.gradle/loom-cache/minecraftMaven/net/minecraft/minecraft-merged-9867355345/1.21.1-loom.mappings.1_21_1.layered+hash.652182843-v2/minecraft-merged-9867355345-1.21.1-loom.mappings.1_21_1.layered+hash.652182843-v2.jar
[Architectury Transformer DEBUG]  - /Users/Emiliano/.gradle/caches/modules-2/files-2.1/io.netty/netty-transport-native-epoll/4.1.97.Final/54188f271e388e7f313aea995e82f58ce2cdb809/netty-transport-native-epoll-4.1.97.Final-linux-x86_64.jar
[Architectury Transformer DEBUG]  - /Users/Emiliano/.gradle/caches/modules-2/files-2.1/io.netty/netty-transport-native-epoll/4.1.97.Final/5514744c588190ffda076b35a9b8c9f24946a960/netty-transport-native-epoll-4.1.97.Final-linux-aarch_64.jar
[Architectury Transformer DEBUG]  - /Users/Emiliano/Documents/NeoMTR/.gradle/loom-cache/remapped_mods/loom_mappings_1_21_1_layered_hash_652182843_v2/me/shedaniel/cloth/cloth-config/15.0.140/cloth-config-15.0.140.jar
[Architectury Transformer DEBUG]  - /Users/Emiliano/.gradle/caches/modules-2/files-2.1/org.bouncycastle/bcpkix-jdk18on/1.80/5277dfaaef2e92ce1d802499599a0ca7488f86e6/bcpkix-jdk18on-1.80.jar
[Architectury Transformer DEBUG]  - /Users/Emiliano/.gradle/caches/modules-2/files-2.1/org.bouncycastle/bcutil-jdk18on/1.80.2/5aa52bcc7b7d5dc8975a3df9e657abdb5cea62be/bcutil-jdk18on-1.80.2.jar
[Architectury Transformer DEBUG]  - /Users/Emiliano/.gradle/caches/modules-2/files-2.1/org.bouncycastle/bcprov-jdk18on/1.80.2/698ebb5539a939849576a6854bd52e191cbe1c5c/bcprov-jdk18on-1.80.2.jar
[Architectury Transformer] Read classpath in 1.363 s
[Architectury Transformer DEBUG] Remapping Classes:
[Architectury Transformer DEBUG] net/fabricmc/api/EnvType -> net/neoforged/api/distmarker/Dist
[Architectury Transformer DEBUG] net/fabricmc/api/Environment -> net/neoforged/api/distmarker/OnlyIn
[Architectury Transformer DEBUG] Found class transformer
[Architectury Transformer DEBUG] Writing de/javagl/obj/DefaultObj with maxs=true frames=true
[Architectury Transformer DEBUG] Writing de/javagl/obj/DefaultFloatTuple with maxs=true frames=true
[Architectury Transformer DEBUG] Writing de/javagl/obj/MtlWriter with maxs=true frames=true
[Architectury Transformer DEBUG] Writing de/javagl/obj/FloatTuple with maxs=true frames=true
[Architectury Transformer DEBUG] Writing de/javagl/obj/ObjSplitter$Predicate with maxs=true frames=true
[Architectury Transformer DEBUG] Writing de/javagl/obj/DefaultMtl with maxs=true frames=true
[Architectury Transformer DEBUG] Writing de/javagl/obj/ReadableObj with maxs=true frames=true
[Architectury Transformer DEBUG] Writing de/javagl/obj/AbstractWritableObj with maxs=true frames=true
[Architectury Transformer DEBUG] Writing de/javagl/obj/BasicWritableObj with maxs=true frames=true
[Architectury Transformer DEBUG] Writing de/javagl/obj/ObjUtils$PropertyIndexAccessor with maxs=true frames=true
[Architectury Transformer DEBUG] Writing de/javagl/obj/ObjSplitter with maxs=true frames=true
[Architectury Transformer DEBUG] Writing de/javagl/obj/FloatTuples with maxs=true frames=true
[Architectury Transformer DEBUG] Writing de/javagl/obj/ObjReader with maxs=true frames=true
[Architectury Transformer DEBUG] Writing de/javagl/obj/Objs with maxs=true frames=true
[Architectury Transformer DEBUG] Writing de/javagl/obj/Mtls with maxs=true frames=true
[Architectury Transformer DEBUG] Writing de/javagl/obj/ObjSplitter$4 with maxs=true frames=true
[Architectury Transformer DEBUG] Writing de/javagl/obj/ObjSplitter$5 with maxs=true frames=true
[Architectury Transformer DEBUG] Writing de/javagl/obj/ObjSplitter$1 with maxs=true frames=true
[Architectury Transformer DEBUG] Writing de/javagl/obj/ObjSplitter$3 with maxs=true frames=true
[Architectury Transformer DEBUG] Writing de/javagl/obj/ObjSplitter$2 with maxs=true frames=true
[Architectury Transformer DEBUG] Writing de/javagl/obj/DefaultObjGroup with maxs=true frames=true
[Architectury Transformer DEBUG] Writing de/javagl/obj/ObjFaceParser with maxs=true frames=true
[Architectury Transformer DEBUG] Writing de/javagl/obj/DefaultObjFace with maxs=true frames=true
[Architectury Transformer DEBUG] Writing de/javagl/obj/MtlReader with maxs=true frames=true
[Architectury Transformer DEBUG] Writing de/javagl/obj/ObjFace with maxs=true frames=true
[Architectury Transformer DEBUG] Writing de/javagl/obj/Mtl with maxs=true frames=true
[Architectury Transformer DEBUG] Writing de/javagl/obj/Obj with maxs=true frames=true
[Architectury Transformer DEBUG] Writing de/javagl/obj/ObjData with maxs=true frames=true
[Architectury Transformer DEBUG] Writing de/javagl/obj/WritableObj with maxs=true frames=true
[Architectury Transformer DEBUG] Writing de/javagl/obj/ObjUtils with maxs=true frames=true
[Architectury Transformer DEBUG] Writing de/javagl/obj/ObjWriter with maxs=true frames=true
[Architectury Transformer DEBUG] Writing de/javagl/obj/ObjUtils$1 with maxs=true frames=true
[Architectury Transformer DEBUG] Writing de/javagl/obj/ObjUtils$2 with maxs=true frames=true
[Architectury Transformer DEBUG] Writing de/javagl/obj/ObjSplitting with maxs=true frames=true
[Architectury Transformer DEBUG] Writing de/javagl/obj/ObjFaces with maxs=true frames=true
[Architectury Transformer DEBUG] Writing de/javagl/obj/ObjGroup with maxs=true frames=true
[Architectury Transformer DEBUG] Writing mtr/KeyMappings with maxs=true frames=true
[Architectury Transformer DEBUG] Writing mtr/Patreon with maxs=true frames=true
[Architectury Transformer DEBUG] Writing mtr/Blocks with maxs=true frames=true
[Architectury Transformer DEBUG] Writing mtr/Items with maxs=true frames=true
[Architectury Transformer DEBUG] Writing mtr/Keys with maxs=true frames=true
[Architectury Transformer DEBUG] Writing mtr/BlockEntityTypes with maxs=true frames=true
[Architectury Transformer DEBUG] Writing mtr/MaterialColor with maxs=true frames=true
[Architectury Transformer DEBUG] Writing mtr/CreativeModeTabs with maxs=true frames=true
[Architectury Transformer DEBUG] Writing mtr/RegistryClient with maxs=true frames=true
[Architectury Transformer DEBUG] Writing mtr/RegistryObject with maxs=true frames=true
[Architectury Transformer DEBUG] Writing mtr/MTRClient$RegisterItemModelPredicate with maxs=true frames=true
[Architectury Transformer DEBUG] Writing mtr/MTRClient with maxs=true frames=true
[Architectury Transformer DEBUG] Writing mtr/MTR with maxs=true frames=true
[Architectury Transformer DEBUG] Writing mtr/Icons with maxs=true frames=true
[Architectury Transformer DEBUG] Writing mtr/TrigCache with maxs=true frames=true
[Architectury Transformer DEBUG] Writing mtr/CreativeModeTabs$Wrapper with maxs=true frames=true
[Architectury Transformer DEBUG] Writing mtr/SoundEvents with maxs=true frames=true
[Architectury Transformer DEBUG] Writing mtr/Registry with maxs=true frames=true
[Architectury Transformer DEBUG] Writing mtr/EntityTypes with maxs=true frames=true
[Architectury Transformer DEBUG] Writing mtr/MTR$RegisterBlockItem with maxs=true frames=true
[Architectury Transformer DEBUG] Writing mtr/block/BlockPSDTop with maxs=true frames=true
[Architectury Transformer DEBUG] Writing mtr/block/BlockStationNameTallBlockDoubleSided with maxs=true frames=true
[Architectury Transformer DEBUG] Writing mtr/block/BlockFreeNode$TileEntityFreeNode with maxs=true frames=true
[Architectury Transformer DEBUG] Writing mtr/block/BlockLiftPanelEven2$TileEntityLiftPanelEven2 with maxs=true frames=true
[Architectury Transformer DEBUG] Writing mtr/block/BlockRouteSignWallLight$TileEntityRouteSignWallLight with maxs=true frames=true
[Architectury Transformer DEBUG] Writing mtr/block/BlockStationNameTallBlock$TileEntityStationNameTallBlock with maxs=true frames=true
[Architectury Transformer DEBUG] Writing mtr/block/BlockLiftButtons$TileEntityLiftButtons with maxs=true frames=true
[Architectury Transformer DEBUG] Writing mtr/block/BlockLiftTrack with maxs=true frames=true
[Architectury Transformer DEBUG] Writing mtr/block/BlockTrainRedstoneSensor$TileEntityTrainRedstoneSensor with maxs=true frames=true
[Architectury Transformer DEBUG] Writing mtr/block/BlockTrainSensorBase with maxs=true frames=true
[Architectury Transformer DEBUG] Writing mtr/block/BlockEscalatorStep with maxs=true frames=true
[Architectury Transformer DEBUG] Writing mtr/block/BlockRouteSignStandingMetal$TileEntityRouteSignStandingMetal with maxs=true frames=true
[Architectury Transformer DEBUG] Writing mtr/block/BlockEscalatorBase with maxs=true frames=true
[Architectury Transformer DEBUG] Writing mtr/block/BlockClockPole with maxs=true frames=true
[Architectury Transformer DEBUG] Writing mtr/block/BlockArrivalProjector1Medium with maxs=true frames=true
[Architectury Transformer DEBUG] Writing mtr/block/BlockSignalSemaphoreBase$TileEntitySignalSemaphoreBase with maxs=true frames=true
[Architectury Transformer DEBUG] Writing mtr/block/BlockStationNameWallBase with maxs=true frames=true
[Architectury Transformer DEBUG] Writing mtr/block/BlockSignalLight3Aspect2$TileEntitySignalLight3Aspect2 with maxs=true frames=true
[Architectury Transformer DEBUG] Writing mtr/block/BlockPSDAPGDoorBase$TileEntityPSDAPGDoorBase with maxs=true frames=true
[Architectury Transformer DEBUG] Writing mtr/block/BlockRouteSignBase$TileEntityRouteSignBase with maxs=true frames=true
[Architectury Transformer DEBUG] Writing mtr/block/BlockCeiling with maxs=true frames=true
[Architectury Transformer DEBUG] Writing mtr/block/BlockSignalSemaphore2$TileEntitySignalSemaphore2 with maxs=true frames=true
[Architectury Transformer DEBUG] Writing mtr/block/BlockPSDAPGGlassEndBase$EnumPSDAPGGlassEndSide with maxs=true frames=true
[Architectury Transformer DEBUG] Writing mtr/block/BlockNode$BlockContinuousMovementNode with maxs=true frames=true
[Architectury Transformer DEBUG] Writing mtr/block/BlockAPGDoor with maxs=true frames=true
[Architectury Transformer DEBUG] Writing mtr/block/BlockAPGGlassEnd with maxs=true frames=true
[Architectury Transformer DEBUG] Writing mtr/block/BlockPSDDoor$TileEntityPSDDoor with maxs=true frames=true
[Architectury Transformer DEBUG] Writing mtr/block/BlockPlatform$EnumDoorType with maxs=true frames=true
[Architectury Transformer DEBUG] Writing mtr/block/IBlock$EnumThird with maxs=true frames=true
[Architectury Transformer DEBUG] Writing mtr/block/BlockSignalSemaphore1$TileEntitySignalSemaphore1 with maxs=true frames=true
[Architectury Transformer DEBUG] Writing mtr/block/BlockPIDS1 with maxs=true frames=true
[Architectury Transformer DEBUG] Writing mtr/block/BlockPIDS2 with maxs=true frames=true
[Architectury Transformer DEBUG] Writing mtr/block/BlockPoleCheckBase with maxs=true frames=true
[Architectury Transformer DEBUG] Writing mtr/block/BlockPIDS3 with maxs=true frames=true
[Architectury Transformer DEBUG] Writing mtr/block/BlockPIDS4 with maxs=true frames=true
[Architectury Transformer DEBUG] Writing mtr/block/BlockPIDS2$TileEntityBlockPIDS2 with maxs=true frames=true
[Architectury Transformer DEBUG] Writing mtr/block/BlockEscalatorSide with maxs=true frames=true
[Architectury Transformer DEBUG] Writing mtr/block/BlockGlassFence with maxs=true frames=true
[Architectury Transformer DEBUG] Writing mtr/block/BlockSignalLight4Aspect1 with maxs=true frames=true
[Architectury Transformer DEBUG] Writing mtr/block/BlockSignalLight4Aspect2 with maxs=true frames=true
[Architectury Transformer DEBUG] Writing mtr/block/BlockTrainScheduleSensor with maxs=true frames=true
[Architectury Transformer DEBUG] Writing mtr/block/BlockStationNameTallWall with maxs=true frames=true
[Architectury Transformer DEBUG] Writing mtr/block/ITripleBlock with maxs=true frames=true
[Architectury Transformer DEBUG] Writing mtr/block/BlockRouteSignWallMetal$TileEntityRouteSignWallMetal with maxs=true frames=true
[Architectury Transformer DEBUG] Writing mtr/block/BlockNode$BlockBoatNode with maxs=true frames=true
[Architectury Transformer DEBUG] Writing mtr/block/BlockStationNameWallWhite with maxs=true frames=true
[Architectury Transformer DEBUG] Writing mtr/block/BlockStationNameWallGray$TileEntityStationNameWallGray with maxs=true frames=true
[Architectury Transformer DEBUG] Writing mtr/block/BlockSignalSemaphoreBase with maxs=true frames=true
[Architectury Transformer DEBUG] Writing mtr/block/BlockSignalLight4Aspect1$TileEntitySignalLight4Aspect1 with maxs=true frames=true
[Architectury Transformer DEBUG] Writing mtr/block/BlockLiftPanelOdd2 with maxs=true frames=true
[Architectury Transformer DEBUG] Writing mtr/block/BlockLiftPanelOdd1 with maxs=true frames=true
[Architectury Transformer DEBUG] Writing mtr/block/BlockStationNameTallWall$TileEntityStationNameTallWall with maxs=true frames=true
[Architectury Transformer DEBUG] Writing mtr/block/BlockTactileMap$TileEntityTactileMap with maxs=true frames=true
[Architectury Transformer DEBUG] Writing mtr/block/BlockStationColor with maxs=true frames=true
[Architectury Transformer DEBUG] Writing mtr/block/BlockArrivalProjectorBase with maxs=true frames=true
[Architectury Transformer DEBUG] Writing mtr/block/BlockStationNameTallBase$1 with maxs=true frames=true
[Architectury Transformer DEBUG] Writing mtr/block/BlockFreeNode with maxs=true frames=true
[Architectury Transformer DEBUG] Writing mtr/block/BlockRouteSignBase with maxs=true frames=true
[Architectury Transformer DEBUG] Writing mtr/block/BlockLiftDoorOdd$TileEntityLiftDoorOdd with maxs=true frames=true
[Architectury Transformer DEBUG] Writing mtr/block/BlockPSDGlass with maxs=true frames=true
[Architectury Transformer DEBUG] Writing mtr/block/BlockStationNameEntrance with maxs=true frames=true
[Architectury Transformer DEBUG] Writing mtr/block/BlockRubbishBin with maxs=true frames=true
[Architectury Transformer DEBUG] Writing mtr/block/BlockPIDSBaseHorizontal with maxs=true frames=true
[Architectury Transformer DEBUG] Writing mtr/block/BlockStationNameTallBlockDoubleSided$TileEntityStationNameTallBlockDoubleSided with maxs=true frames=true
[Architectury Transformer DEBUG] Writing mtr/block/BlockTactileMap with maxs=true frames=true
[Architectury Transformer DEBUG] Writing mtr/block/BlockTrainCargoUnloader$TileEntityTrainCargoUnloader with maxs=true frames=true
[Architectury Transformer DEBUG] Writing mtr/block/BlockPSDAPGBase with maxs=true frames=true
[Architectury Transformer DEBUG] Writing mtr/block/BlockTrainSensorBase$TileEntityTrainSensorBase with maxs=true frames=true
[Architectury Transformer DEBUG] Writing mtr/block/BlockLiftDoor with maxs=true frames=true
[Architectury Transformer DEBUG] Writing mtr/block/BlockLiftPanelOdd2$TileEntityLiftPanelOdd2 with maxs=true frames=true
[Architectury Transformer DEBUG] Writing mtr/block/BlockSignalLight3Aspect1$TileEntitySignalLight3Aspect1 with maxs=true frames=true
[Architectury Transformer DEBUG] Writing mtr/block/BlockClock with maxs=true frames=true
[Architectury Transformer DEBUG] Writing mtr/block/BlockLiftTrackFloor$TileEntityLiftTrackFloor with maxs=true frames=true
[Architectury Transformer DEBUG] Writing mtr/block/BlockSignalLight2Aspect4$TileEntitySignalLight2Aspect4 with maxs=true frames=true
[Architectury Transformer DEBUG] Writing mtr/block/BlockAPGDoor$TileEntityAPGDoor with maxs=true frames=true
[Architectury Transformer DEBUG] Writing mtr/block/BlockEscalatorBase$EnumEscalatorOrientation with maxs=true frames=true
[Architectury Transformer DEBUG] Writing mtr/block/BlockRouteSignStandingMetal with maxs=true frames=true
[Architectury Transformer DEBUG] Writing mtr/block/BlockTicketMachine with maxs=true frames=true
[Architectury Transformer DEBUG] Writing mtr/block/BlockTrainAnnouncer$TileEntityTrainAnnouncer with maxs=true frames=true
[Architectury Transformer DEBUG] Writing mtr/block/BlockPIDS3$TileEntityBlockPIDS3 with maxs=true frames=true
[Architectury Transformer DEBUG] Writing mtr/block/BlockLiftPanelBase with maxs=true frames=true
[Architectury Transformer DEBUG] Writing mtr/block/BlockStationColorSlab with maxs=true frames=true
[Architectury Transformer DEBUG] Writing mtr/block/BlockLiftPanelEven1$TileEntityLiftPanelEven1 with maxs=true frames=true
[Architectury Transformer DEBUG] Writing mtr/block/BlockLiftDoor$TileEntityLiftDoor with maxs=true frames=true
[Architectury Transformer DEBUG] Writing mtr/block/BlockArrivalProjectorBase$TileEntityArrivalProjectorBase with maxs=true frames=true
[Architectury Transformer DEBUG] Writing mtr/block/BlockTrainPoweredSensorBase with maxs=true frames=true
[Architectury Transformer DEBUG] Writing mtr/block/BlockSignalLight3Aspect2 with maxs=true frames=true
[Architectury Transformer DEBUG] Writing mtr/block/BlockSignalLight3Aspect1 with maxs=true frames=true
[Architectury Transformer DEBUG] Writing mtr/block/IBlock$EnumSide with maxs=true frames=true
[Architectury Transformer DEBUG] Writing mtr/block/BlockRouteSignWallMetal with maxs=true frames=true
[Architectury Transformer DEBUG] Writing mtr/block/BlockStationNameBase with maxs=true frames=true
[Architectury Transformer DEBUG] Writing mtr/block/BlockPIDSBaseVertical with maxs=true frames=true
[Architectury Transformer DEBUG] Writing mtr/block/BlockPSDTop$TileEntityRouteBase with maxs=true frames=true
[Architectury Transformer DEBUG] Writing mtr/block/BlockLiftPanelEven1 with maxs=true frames=true
[Architectury Transformer DEBUG] Writing mtr/block/BlockLiftPanelEven2 with maxs=true frames=true
[Architectury Transformer DEBUG] Writing mtr/block/BlockLiftPanelBase$TileEntityLiftPanel1Base with maxs=true frames=true
[Architectury Transformer DEBUG] Writing mtr/block/BlockEscalatorStep$1 with maxs=true frames=true
[Architectury Transformer DEBUG] Writing mtr/block/BlockStationNameTallBase$TileEntityStationNameTallBase with maxs=true frames=true
[Architectury Transformer DEBUG] Writing mtr/block/BlockPlatform with maxs=true frames=true
[Architectury Transformer DEBUG] Writing mtr/block/BlockPIDSSingleArrival1 with maxs=true frames=true
[Architectury Transformer DEBUG] Writing mtr/block/BlockStationNameWallBlack with maxs=true frames=true
[Architectury Transformer DEBUG] Writing mtr/block/BlockPIDSBaseHorizontal$TileEntityBlockPIDSBaseHorizontal with maxs=true frames=true
[Architectury Transformer DEBUG] Writing mtr/block/BlockNode with maxs=true frames=true
[Architectury Transformer DEBUG] Writing mtr/block/BlockTrainCargoLoader with maxs=true frames=true
[Architectury Transformer DEBUG] Writing mtr/block/BlockSignalLight2Aspect1$TileEntitySignalLight2Aspect1 with maxs=true frames=true
[Architectury Transformer DEBUG] Writing mtr/block/BlockRailwaySignPole with maxs=true frames=true
[Architectury Transformer DEBUG] Writing mtr/block/BlockPSDAPGDoorBase with maxs=true frames=true
[Architectury Transformer DEBUG] Writing mtr/block/BlockPIDS4$TileEntityBlockPIDS4 with maxs=true frames=true
[Architectury Transformer DEBUG] Writing mtr/block/BlockPIDSSingleArrival1$TileEntityBlockPIDSSingleArrival1 with maxs=true frames=true
[Architectury Transformer DEBUG] Writing mtr/block/BlockRailwaySign$TileEntityRailwaySign with maxs=true frames=true
[Architectury Transformer DEBUG] Writing mtr/block/BlockRouteSignStandingLight$TileEntityRouteSignStandingLight with maxs=true frames=true
[Architectury Transformer DEBUG] Writing mtr/block/BlockStationNameWallGray with maxs=true frames=true
[Architectury Transformer DEBUG] Writing mtr/block/BlockSignalLight2Aspect2$TileEntitySignalLight2Aspect2 with maxs=true frames=true
[Architectury Transformer DEBUG] Writing mtr/block/BlockTicketProcessorEnquiry with maxs=true frames=true
[Architectury Transformer DEBUG] Writing mtr/block/BlockSignalLight4Aspect2$TileEntitySignalLight4Aspect2 with maxs=true frames=true
[Architectury Transformer DEBUG] Writing mtr/block/BlockTrainRedstoneSensor with maxs=true frames=true
[Architectury Transformer DEBUG] Writing mtr/block/BlockSignalLight2Aspect3 with maxs=true frames=true
[Architectury Transformer DEBUG] Writing mtr/block/BlockSignalLight2Aspect4 with maxs=true frames=true
[Architectury Transformer DEBUG] Writing mtr/block/BlockSignalLight2Aspect2 with maxs=true frames=true
[Architectury Transformer DEBUG] Writing mtr/block/BlockSignalLight2Aspect1 with maxs=true frames=true
[Architectury Transformer DEBUG] Writing mtr/block/BlockTrainScheduleSensor$TileEntityTrainScheduleSensor with maxs=true frames=true
[Architectury Transformer DEBUG] Writing mtr/block/BlockPSDTop$EnumDoorLight with maxs=true frames=true
[Architectury Transformer DEBUG] Writing mtr/block/BlockDirectionalDoubleBlockBase with maxs=true frames=true
[Architectury Transformer DEBUG] Writing mtr/block/BlockStationColorGlass with maxs=true frames=true
[Architectury Transformer DEBUG] Writing mtr/block/BlockPIDSPole with maxs=true frames=true
[Architectury Transformer DEBUG] Writing mtr/block/IBlock$1 with maxs=true frames=true
[Architectury Transformer DEBUG] Writing mtr/block/BlockAPGGlass with maxs=true frames=true
[Architectury Transformer DEBUG] Writing mtr/block/BlockLiftPanelOdd1$TileEntityLiftPanelOdd1 with maxs=true frames=true
[Architectury Transformer DEBUG] Writing mtr/block/BlockArrivalProjector1Small$TileEntityArrivalProjector1Small with maxs=true frames=true
[Architectury Transformer DEBUG] Writing mtr/block/IBlock with maxs=true frames=true
[Architectury Transformer DEBUG] Writing mtr/block/BlockSignalLightBase with maxs=true frames=true
[Architectury Transformer DEBUG] Writing mtr/block/BlockPSDAPGDoorBase$TileEntityPSDAPGDoorBase$Client with maxs=true frames=true
[Architectury Transformer DEBUG] Writing mtr/block/BlockSignalSemaphore2 with maxs=true frames=true
[Architectury Transformer DEBUG] Writing mtr/block/BlockSignalSemaphore1 with maxs=true frames=true
[Architectury Transformer DEBUG] Writing mtr/block/BlockTrainAnnouncer with maxs=true frames=true
[Architectury Transformer DEBUG] Writing mtr/block/BlockPSDGlassEnd with maxs=true frames=true
[Architectury Transformer DEBUG] Writing mtr/block/BlockStationColorPole with maxs=true frames=true
[Architectury Transformer DEBUG] Writing mtr/block/BlockArrivalProjector1Large with maxs=true frames=true
[Architectury Transformer DEBUG] Writing mtr/block/BlockArrivalProjector1Large$TileEntityArrivalProjector1Large with maxs=true frames=true
[Architectury Transformer DEBUG] Writing mtr/block/BlockStationNameBase$TileEntityStationNameBase with maxs=true frames=true
[Architectury Transformer DEBUG] Writing mtr/block/BlockPSDTop$EnumPersistent with maxs=true frames=true
[Architectury Transformer DEBUG] Writing mtr/block/BlockRouteSignWallLight with maxs=true frames=true
[Architectury Transformer DEBUG] Writing mtr/block/BlockLiftTrackFloor with maxs=true frames=true
[Architectury Transformer DEBUG] Writing mtr/block/BlockStationNameTallBase with maxs=true frames=true
[Architectury Transformer DEBUG] Writing mtr/block/BlockSignalLight2Aspect3$TileEntitySignalLight2Aspect3 with maxs=true frames=true
[Architectury Transformer DEBUG] Writing mtr/block/BlockTrainCargoLoader$TileEntityTrainCargoLoader with maxs=true frames=true
[Architectury Transformer DEBUG] Writing mtr/block/BlockPSDAPGGlassEndBase with maxs=true frames=true
[Architectury Transformer DEBUG] Writing mtr/block/BlockTicketProcessor with maxs=true frames=true
[Architectury Transformer DEBUG] Writing mtr/block/BlockStationColorGlassSlab with maxs=true frames=true
[Architectury Transformer DEBUG] Writing mtr/block/BlockRailwaySign$SignType with maxs=true frames=true
[Architectury Transformer DEBUG] Writing mtr/block/BlockLiftButtons with maxs=true frames=true
[Architectury Transformer DEBUG] Writing mtr/block/BlockClock$TileEntityClock with maxs=true frames=true
[Architectury Transformer DEBUG] Writing mtr/block/BlockRouteSignStandingLight with maxs=true frames=true
[Architectury Transformer DEBUG] Writing mtr/block/BlockRailwaySign with maxs=true frames=true
[Architectury Transformer DEBUG] Writing mtr/block/BlockStationNameWallBase$TileEntityStationNameWallBase with maxs=true frames=true
[Architectury Transformer DEBUG] Writing mtr/block/BlockTicketBarrier with maxs=true frames=true
[Architectury Transformer DEBUG] Writing mtr/block/BlockPSDAPGGlassBase with maxs=true frames=true
[Architectury Transformer DEBUG] Writing mtr/block/BlockArrivalProjector1Medium$TileEntityArrivalProjector1Medium with maxs=true frames=true
[Architectury Transformer DEBUG] Writing mtr/block/BlockCeilingAuto with maxs=true frames=true
[Architectury Transformer DEBUG] Writing mtr/block/BlockAPGGlass$TileEntityAPGGlass with maxs=true frames=true
[Architectury Transformer DEBUG] Writing mtr/block/BlockArrivalProjector1Small with maxs=true frames=true
[Architectury Transformer DEBUG] Writing mtr/block/BlockStationNameTallBlock with maxs=true frames=true
[Architectury Transformer DEBUG] Writing mtr/block/BlockNode$TileEntityBoatNode with maxs=true frames=true
[Architectury Transformer DEBUG] Writing mtr/block/BlockTrainCargoUnloader with maxs=true frames=true
[Architectury Transformer DEBUG] Writing mtr/block/BlockPSDTop$TileEntityPSDTop with maxs=true frames=true
[Architectury Transformer DEBUG] Writing mtr/block/BlockPIDS1$TileEntityBlockPIDS1 with maxs=true frames=true
[Architectury Transformer DEBUG] Writing mtr/block/BlockTicketProcessor$EnumTicketProcessorLights with maxs=true frames=true
[Architectury Transformer DEBUG] Writing mtr/block/BlockPSDDoor with maxs=true frames=true
[Architectury Transformer DEBUG] Writing mtr/block/BlockStationNameWallWhite$TileEntityStationNameWallWhite with maxs=true frames=true
[Architectury Transformer DEBUG] Writing mtr/block/BlockStationNameWallBlack$TileEntityStationNameWallBlack with maxs=true frames=true
[Architectury Transformer DEBUG] Writing mtr/block/BlockPIDSBaseVertical$TileEntityBlockPIDSBaseVertical with maxs=true frames=true
[Architectury Transformer DEBUG] Writing mtr/block/BlockLiftDoorOdd with maxs=true frames=true
[Architectury Transformer DEBUG] Writing mtr/block/BlockStationNameEntrance$TileEntityStationNameEntrance with maxs=true frames=true
[Architectury Transformer DEBUG] Writing mtr/packet/PacketTrainDataGuiServer with maxs=true frames=true
[Architectury Transformer DEBUG] Writing mtr/packet/IUpdateWebMap with maxs=true frames=true
[Architectury Transformer DEBUG] Writing mtr/packet/UpdateSquaremap with maxs=true frames=true
[Architectury Transformer DEBUG] Writing mtr/packet/UpdateBlueMap with maxs=true frames=true
[Architectury Transformer DEBUG] Writing mtr/packet/IUpdateWebMap$AreaCallback with maxs=true frames=true
[Architectury Transformer DEBUG] Writing mtr/packet/UpdateDynmap with maxs=true frames=true
[Architectury Transformer DEBUG] Writing mtr/packet/UpdateDynmap$1 with maxs=true frames=true
[Architectury Transformer DEBUG] Writing mtr/packet/PacketTrainDataBase with maxs=true frames=true
[Architectury Transformer DEBUG] Writing mtr/packet/PacketTrainDataGuiClient with maxs=true frames=true
[Architectury Transformer DEBUG] Writing mtr/packet/IPacket with maxs=true frames=true
[Architectury Transformer DEBUG] Writing mtr/packet/PacketTrainDataBase$PacketCallback with maxs=true frames=true
[Architectury Transformer DEBUG] Writing mtr/client/IDrawing with maxs=true frames=true
[Architectury Transformer DEBUG] Writing mtr/client/ClientCache with maxs=true frames=true
[Architectury Transformer DEBUG] Writing mtr/client/ClientCache$PlatformRouteDetails with maxs=true frames=true
[Architectury Transformer DEBUG] Writing mtr/client/ClientCache$ColorNameTuple with maxs=true frames=true
[Architectury Transformer DEBUG] Writing mtr/client/ResourcePackCreatorProperties with maxs=true frames=true
[Architectury Transformer DEBUG] Writing mtr/client/TrainProperties with maxs=true frames=true
[Architectury Transformer DEBUG] Writing mtr/client/DoorAnimationType with maxs=true frames=true
[Architectury Transformer DEBUG] Writing mtr/client/DebugKeys with maxs=true frames=true
[Architectury Transformer DEBUG] Writing mtr/client/RouteMapGenerator$StationPosition with maxs=true frames=true
[Architectury Transformer DEBUG] Writing mtr/client/ICustomResources with maxs=true frames=true
[Architectury Transformer DEBUG] Writing mtr/client/CustomResources with maxs=true frames=true
[Architectury Transformer DEBUG] Writing mtr/client/IResourcePackCreatorProperties with maxs=true frames=true
[Architectury Transformer DEBUG] Writing mtr/client/RouteMapGenerator$StationPositionGrouped with maxs=true frames=true
[Architectury Transformer DEBUG] Writing mtr/client/ClientData with maxs=true frames=true
[Architectury Transformer DEBUG] Writing mtr/client/IDrawing$DrawingCallback with maxs=true frames=true
[Architectury Transformer DEBUG] Writing mtr/client/DynamicTrainModel with maxs=true frames=true
[Architectury Transformer DEBUG] Writing mtr/client/ClientCache$DefaultRenderingColor with maxs=true frames=true
[Architectury Transformer DEBUG] Writing mtr/client/DynamicTrainModelLegacy with maxs=true frames=true
[Architectury Transformer DEBUG] Writing mtr/client/ResourcePackCreatorProperties$RenderCondition with maxs=true frames=true
[Architectury Transformer DEBUG] Writing mtr/client/ResourcePackCreatorProperties$DisplayType with maxs=true frames=true
[Architectury Transformer DEBUG] Writing mtr/client/ResourcePackCreatorProperties$DoorOffset with maxs=true frames=true
[Architectury Transformer DEBUG] Writing mtr/client/ClientCache$PlatformRouteDetails$StationDetails with maxs=true frames=true
[Architectury Transformer DEBUG] Writing mtr/client/DynamicTrainModel$PartInfo with maxs=true frames=true
[Architectury Transformer DEBUG] Writing mtr/client/TrainClientRegistry with maxs=true frames=true
[Architectury Transformer DEBUG] Writing mtr/client/Config with maxs=true frames=true
[Architectury Transformer DEBUG] Writing mtr/client/RouteMapGenerator with maxs=true frames=true
[Architectury Transformer DEBUG] Writing mtr/client/ClientCache$DynamicResource with maxs=true frames=true
[Architectury Transformer DEBUG] Writing mtr/client/ScrollingText with maxs=true frames=true
[Architectury Transformer DEBUG] Writing mtr/client/DynamicTrainModel$1 with maxs=true frames=true
[Architectury Transformer DEBUG] Writing mtr/client/CustomResources$CustomSign with maxs=true frames=true
[Architectury Transformer DEBUG] Writing mtr/sound/TrainLoopingSoundInstance with maxs=true frames=true
[Architectury Transformer DEBUG] Writing mtr/sound/JonTrainSound$JonTrainSoundConfig with maxs=true frames=true
[Architectury Transformer DEBUG] Writing mtr/sound/TrainSoundBase with maxs=true frames=true
[Architectury Transformer DEBUG] Writing mtr/sound/LoopingSoundInstance with maxs=true frames=true
[Architectury Transformer DEBUG] Writing mtr/sound/JonTrainSound with maxs=true frames=true
[Architectury Transformer DEBUG] Writing mtr/sound/bve/MotorData5$FloatSplines with maxs=true frames=true
[Architectury Transformer DEBUG] Writing mtr/sound/bve/MotorData4 with maxs=true frames=true
[Architectury Transformer DEBUG] Writing mtr/sound/bve/MotorData5 with maxs=true frames=true
[Architectury Transformer DEBUG] Writing mtr/sound/bve/BveTrainSoundConfig with maxs=true frames=true
[Architectury Transformer DEBUG] Writing mtr/sound/bve/ConfigFile with maxs=true frames=true
[Architectury Transformer DEBUG] Writing mtr/sound/bve/BveTrainSound with maxs=true frames=true
[Architectury Transformer DEBUG] Writing mtr/sound/bve/MotorDataBase with maxs=true frames=true
[Architectury Transformer DEBUG] Writing mtr/sound/bve/MotorData4$Channel with maxs=true frames=true
[Architectury Transformer DEBUG] Writing mtr/data/Train$CalculateCarCallback with maxs=true frames=true
[Architectury Transformer DEBUG] Writing mtr/data/UpdateNearbyMovingObjects with maxs=true frames=true
[Architectury Transformer DEBUG] Writing mtr/data/IGui$HorizontalAlignment with maxs=true frames=true
[Architectury Transformer DEBUG] Writing mtr/data/RailwayDataRouteFinderModule$RouteFinderData with maxs=true frames=true
[Architectury Transformer DEBUG] Writing mtr/data/TrainType$TrainTypeCallback with maxs=true frames=true
[Architectury Transformer DEBUG] Writing mtr/data/RailwayDataRouteFinderModule$RouteFinderRequest with maxs=true frames=true
[Architectury Transformer DEBUG] Writing mtr/data/IGui with maxs=true frames=true
[Architectury Transformer DEBUG] Writing mtr/data/RailCalculator with maxs=true frames=true
[Architectury Transformer DEBUG] Writing mtr/data/MultipartName with maxs=true frames=true
[Architectury Transformer DEBUG] Writing mtr/data/DataConverter with maxs=true frames=true
[Architectury Transformer DEBUG] Writing mtr/data/DataCache with maxs=true frames=true
[Architectury Transformer DEBUG] Writing mtr/data/TrainClient with maxs=true frames=true
[Architectury Transformer DEBUG] Writing mtr/data/Depot with maxs=true frames=true
[Architectury Transformer DEBUG] Writing mtr/data/RailCalculator$Arc with maxs=true frames=true
[Architectury Transformer DEBUG] Writing mtr/data/RailwayDataLoggingModule with maxs=true frames=true
[Architectury Transformer DEBUG] Writing mtr/data/LiftInstructions with maxs=true frames=true
[Architectury Transformer DEBUG] Writing mtr/data/RailwayDataRouteFinderModule$TickStage with maxs=true frames=true
[Architectury Transformer DEBUG] Writing mtr/data/EnumHelper with maxs=true frames=true
[Architectury Transformer DEBUG] Writing mtr/data/RailCalculator$Vec2 with maxs=true frames=true
[Architectury Transformer DEBUG] Writing mtr/data/Route with maxs=true frames=true
[Architectury Transformer DEBUG] Writing mtr/data/Siding$TimeSegment with maxs=true frames=true
[Architectury Transformer DEBUG] Writing mtr/data/RailwayDataRouteFinderModule with maxs=true frames=true
[Architectury Transformer DEBUG] Writing mtr/data/SignalBlocks with maxs=true frames=true
[Architectury Transformer DEBUG] Writing mtr/data/Rail$RailActionType with maxs=true frames=true
[Architectury Transformer DEBUG] Writing mtr/data/RailwayDataLoggingModule$LoggingEditType with maxs=true frames=true
[Architectury Transformer DEBUG] Writing mtr/data/SerializedDataBase with maxs=true frames=true
[Architectury Transformer DEBUG] Writing mtr/data/MultipartName$Usage with maxs=true frames=true
[Architectury Transformer DEBUG] Writing mtr/data/Lift with maxs=true frames=true
[Architectury Transformer DEBUG] Writing mtr/data/RailwayData$RouteAndStationsCallback with maxs=true frames=true
[Architectury Transformer DEBUG] Writing mtr/data/IReducedSaveData with maxs=true frames=true
[Architectury Transformer DEBUG] Writing mtr/data/TrainClient$AnnouncementCallback with maxs=true frames=true
[Architectury Transformer DEBUG] Writing mtr/data/RailwayDataCoolDownModule with maxs=true frames=true
[Architectury Transformer DEBUG] Writing mtr/data/RailNodeGeometry with maxs=true frames=true
[Architectury Transformer DEBUG] Writing mtr/data/RailCalculator$Segment with maxs=true frames=true
[Architectury Transformer DEBUG] Writing mtr/data/RailwayDataModuleBase with maxs=true frames=true
[Architectury Transformer DEBUG] Writing mtr/data/SavedRailBase with maxs=true frames=true
[Architectury Transformer DEBUG] Writing mtr/data/LiftServer with maxs=true frames=true
[Architectury Transformer DEBUG] Writing mtr/data/MultipartName$Names with maxs=true frames=true
[Architectury Transformer DEBUG] Writing mtr/data/TrainClient$SpeedCallback with maxs=true frames=true
[Architectury Transformer DEBUG] Writing mtr/data/TransportMode with maxs=true frames=true
[Architectury Transformer DEBUG] Writing mtr/data/RailCalculator$Group with maxs=true frames=true
[Architectury Transformer DEBUG] Writing mtr/data/RailCalculator$Section with maxs=true frames=true
[Architectury Transformer DEBUG] Writing mtr/data/LiftClient with maxs=true frames=true
[Architectury Transformer DEBUG] Writing mtr/data/ScheduleEntry with maxs=true frames=true
[Architectury Transformer DEBUG] Writing mtr/data/TrainType with maxs=true frames=true
[Architectury Transformer DEBUG] Writing mtr/data/Route$RoutePlatform with maxs=true frames=true
[Architectury Transformer DEBUG] Writing mtr/data/AreaBase with maxs=true frames=true
[Architectury Transformer DEBUG] Writing mtr/data/PIDSType with maxs=true frames=true
[Architectury Transformer DEBUG] Writing mtr/data/RailCalculator$Circle with maxs=true frames=true
[Architectury Transformer DEBUG] Writing mtr/data/Siding with maxs=true frames=true
[Architectury Transformer DEBUG] Writing mtr/data/RailType$RailSlopeStyle with maxs=true frames=true
[Architectury Transformer DEBUG] Writing mtr/data/LiftInstructions$LiftInstruction with maxs=true frames=true
[Architectury Transformer DEBUG] Writing mtr/data/IGui$2 with maxs=true frames=true
[Architectury Transformer DEBUG] Writing mtr/data/IGui$1 with maxs=true frames=true
[Architectury Transformer DEBUG] Writing mtr/data/RailwayData$RailEntry with maxs=true frames=true
[Architectury Transformer DEBUG] Writing mtr/data/Rail with maxs=true frames=true
[Architectury Transformer DEBUG] Writing mtr/data/Platform with maxs=true frames=true
[Architectury Transformer DEBUG] Writing mtr/data/RailwayData with maxs=true frames=true
[Architectury Transformer DEBUG] Writing mtr/data/NameColorDataBase with maxs=true frames=true
[Architectury Transformer DEBUG] Writing mtr/data/RailCalculator$Line with maxs=true frames=true
[Architectury Transformer DEBUG] Writing mtr/data/Lift$LiftStyle with maxs=true frames=true
[Architectury Transformer DEBUG] Writing mtr/data/SignalBlocks$SignalBlock with maxs=true frames=true
[Architectury Transformer DEBUG] Writing mtr/data/Station with maxs=true frames=true
[Architectury Transformer DEBUG] Writing mtr/data/RailwayDataRouteFinderModule$ConnectionDetails with maxs=true frames=true
[Architectury Transformer DEBUG] Writing mtr/data/VehicleRidingServer with maxs=true frames=true
[Architectury Transformer DEBUG] Writing mtr/data/Lift$LiftDirection with maxs=true frames=true
[Architectury Transformer DEBUG] Writing mtr/data/RailwayDataFileSaveModule$RailEntry with maxs=true frames=true
[Architectury Transformer DEBUG] Writing mtr/data/Rail$RailActions with maxs=true frames=true
[Architectury Transformer DEBUG] Writing mtr/data/RouteType with maxs=true frames=true
[Architectury Transformer DEBUG] Writing mtr/data/IPIDS$TileEntityPIDS with maxs=true frames=true
[Architectury Transformer DEBUG] Writing mtr/data/RailAngle with maxs=true frames=true
[Architectury Transformer DEBUG] Writing mtr/data/RailwayDataDriveTrainModule with maxs=true frames=true
[Architectury Transformer DEBUG] Writing mtr/data/RailCalculator$Shape with maxs=true frames=true
[Architectury Transformer DEBUG] Writing mtr/data/TicketSystem with maxs=true frames=true
[Architectury Transformer DEBUG] Writing mtr/data/TrainDelay with maxs=true frames=true
[Architectury Transformer DEBUG] Writing mtr/data/TicketSystem$EnumTicketBarrierOpen with maxs=true frames=true
[Architectury Transformer DEBUG] Writing mtr/data/IPIDS with maxs=true frames=true
[Architectury Transformer DEBUG] Writing mtr/data/Train with maxs=true frames=true
[Architectury Transformer DEBUG] Writing mtr/data/RailwayDataRailActionsModule with maxs=true frames=true
[Architectury Transformer DEBUG] Writing mtr/data/IPIDSRenderChild with maxs=true frames=true
[Architectury Transformer DEBUG] Writing mtr/data/MessagePackHelper with maxs=true frames=true
[Architectury Transformer DEBUG] Writing mtr/data/TrainServer with maxs=true frames=true
[Architectury Transformer DEBUG] Writing mtr/data/RailwayDataFileSaveModule with maxs=true frames=true
[Architectury Transformer DEBUG] Writing mtr/data/IGui$VerticalAlignment with maxs=true frames=true
[Architectury Transformer DEBUG] Writing mtr/data/Rail$RenderRail with maxs=true frames=true
[Architectury Transformer DEBUG] Writing mtr/data/LiftClient$RenderLift with maxs=true frames=true
[Architectury Transformer DEBUG] Writing mtr/data/VehicleRidingClient with maxs=true frames=true
[Architectury Transformer DEBUG] Writing mtr/data/PerlinNoise1D with maxs=true frames=true
[Architectury Transformer DEBUG] Writing mtr/data/RailType with maxs=true frames=true
[Architectury Transformer DEBUG] Writing mtr/data/Route$CircularState with maxs=true frames=true
[Architectury Transformer DEBUG] Writing mtr/data/RailwayDataPathGenerationModule with maxs=true frames=true
[Architectury Transformer DEBUG] Writing mtr/mappings/PersistentStateMapper with maxs=true frames=true
[Architectury Transformer DEBUG] Writing mtr/mappings/BlockEntityRendererMapper with maxs=true frames=true
[Architectury Transformer DEBUG] Writing mtr/mappings/NetworkUtilities with maxs=true frames=true
[Architectury Transformer DEBUG] Writing mtr/mappings/NetworkUtilities$PacketCallback with maxs=true frames=true
[Architectury Transformer DEBUG] Writing mtr/mappings/SoundInstanceMapper with maxs=true frames=true
[Architectury Transformer DEBUG] Writing mtr/mappings/RegistryUtilities with maxs=true frames=true
[Architectury Transformer DEBUG] Writing mtr/mappings/HorizontalBlockWithSoftLanding with maxs=true frames=true
[Architectury Transformer DEBUG] Writing mtr/mappings/TickableMapper with maxs=true frames=true
[Architectury Transformer DEBUG] Writing mtr/mappings/Utilities$TileEntitySupplier with maxs=true frames=true
[Architectury Transformer DEBUG] Writing mtr/mappings/ModelMapper with maxs=true frames=true
[Architectury Transformer DEBUG] Writing mtr/mappings/Text with maxs=true frames=true
[Architectury Transformer DEBUG] Writing mtr/mappings/BlockMapper with maxs=true frames=true
[Architectury Transformer DEBUG] Writing mtr/mappings/PlaceOnWaterBlockItem with maxs=true frames=true
[Architectury Transformer DEBUG] Writing mtr/mappings/RenderLayerMapper with maxs=true frames=true
[Architectury Transformer DEBUG] Writing mtr/mappings/EntityMapper with maxs=true frames=true
[Architectury Transformer DEBUG] Writing mtr/mappings/ScreenMapper with maxs=true frames=true
[Architectury Transformer DEBUG] Writing mtr/mappings/EntityRendererMapper with maxs=true frames=true
[Architectury Transformer DEBUG] Writing mtr/mappings/TickableSoundInstanceMapper with maxs=true frames=true
[Architectury Transformer DEBUG] Writing mtr/mappings/EntityBlockMapper with maxs=true frames=true
[Architectury Transformer DEBUG] Writing mtr/mappings/RegistryUtilitiesClient with maxs=true frames=true
[Architectury Transformer DEBUG] Writing mtr/mappings/BlockEntityMapper with maxs=true frames=true
[Architectury Transformer DEBUG] Writing mtr/mappings/ButtonMapper with maxs=true frames=true
[Architectury Transformer DEBUG] Writing mtr/mappings/Utilities with maxs=true frames=true
[Architectury Transformer DEBUG] Writing mtr/mappings/UtilitiesClient with maxs=true frames=true
[Architectury Transformer DEBUG] Writing mtr/mappings/BlockEntityClientSerializableMapper with maxs=true frames=true
[Architectury Transformer DEBUG] Writing mtr/mappings/ModelDataWrapper with maxs=true frames=true
[Architectury Transformer DEBUG] Writing mtr/mappings/SelectableMapper with maxs=true frames=true
[Architectury Transformer DEBUG] Writing mtr/mappings/BlockDirectionalMapper with maxs=true frames=true
[Architectury Transformer DEBUG] Writing mtr/mappings/WidgetMapper with maxs=true frames=true
[Architectury Transformer DEBUG] Writing mtr/model/ModelCTrain$1 with maxs=true frames=true
[Architectury Transformer DEBUG] Writing mtr/model/ModelKTrainMini with maxs=true frames=true
[Architectury Transformer DEBUG] Writing mtr/model/ModelCTrain with maxs=true frames=true
[Architectury Transformer DEBUG] Writing mtr/model/ModelBogie with maxs=true frames=true
[Architectury Transformer DEBUG] Writing mtr/model/ModelDoorOverlayTopBase with maxs=true frames=true
[Architectury Transformer DEBUG] Writing mtr/model/ModelDoorOverlay with maxs=true frames=true
[Architectury Transformer DEBUG] Writing mtr/model/ModelTrainBase$TextSpacingType with maxs=true frames=true
[Architectury Transformer DEBUG] Writing mtr/model/ModelNgongPing360 with maxs=true frames=true
[Architectury Transformer DEBUG] Writing mtr/model/ModelDoorOverlayTop with maxs=true frames=true
[Architectury Transformer DEBUG] Writing mtr/model/ModelKTrainSmall with maxs=true frames=true
[Architectury Transformer DEBUG] Writing mtr/model/ModelCMStockSmall with maxs=true frames=true
[Architectury Transformer DEBUG] Writing mtr/model/ModelSTrainMini with maxs=true frames=true
[Architectury Transformer DEBUG] Writing mtr/model/ModelTrainBase with maxs=true frames=true
[Architectury Transformer DEBUG] Writing mtr/model/ModelSTrain$1 with maxs=true frames=true
[Architectury Transformer DEBUG] Writing mtr/model/ModelLift1$1 with maxs=true frames=true
[Architectury Transformer DEBUG] Writing mtr/model/ModelMTrain with maxs=true frames=true
[Architectury Transformer DEBUG] Writing mtr/model/ModelKTrain$1 with maxs=true frames=true
[Architectury Transformer DEBUG] Writing mtr/model/ModelSTrainSmall with maxs=true frames=true
[Architectury Transformer DEBUG] Writing mtr/model/ModelTrainBase$RenderStage with maxs=true frames=true
[Architectury Transformer DEBUG] Writing mtr/model/ModelCMStock$1 with maxs=true frames=true
[Architectury Transformer DEBUG] Writing mtr/model/ModelMTrainSmall with maxs=true frames=true
[Architectury Transformer DEBUG] Writing mtr/model/ModelCMStock with maxs=true frames=true
[Architectury Transformer DEBUG] Writing mtr/model/ModelCMStockMini with maxs=true frames=true
[Architectury Transformer DEBUG] Writing mtr/model/ModelSTrain with maxs=true frames=true
[Architectury Transformer DEBUG] Writing mtr/model/ModelCTrainSmall with maxs=true frames=true
[Architectury Transformer DEBUG] Writing mtr/model/ModelDoorOverlay$1 with maxs=true frames=true
[Architectury Transformer DEBUG] Writing mtr/model/ModelCableCarGrip with maxs=true frames=true
[Architectury Transformer DEBUG] Writing mtr/model/ModelKTrain with maxs=true frames=true
[Architectury Transformer DEBUG] Writing mtr/model/ModelMTrainMini with maxs=true frames=true
[Architectury Transformer DEBUG] Writing mtr/model/ModelLift1 with maxs=true frames=true
[Architectury Transformer DEBUG] Writing mtr/model/ModelSimpleTrainBase with maxs=true frames=true
[Architectury Transformer DEBUG] Writing mtr/model/ModelMTrain$1 with maxs=true frames=true
[Architectury Transformer DEBUG] Writing mtr/model/ModelCTrainMini with maxs=true frames=true
[Architectury Transformer DEBUG] Writing mtr/screen/EditRouteScreen with maxs=true frames=true
[Architectury Transformer DEBUG] Writing mtr/screen/ConfigScreen with maxs=true frames=true
[Architectury Transformer DEBUG] Writing mtr/screen/SidingScreen with maxs=true frames=true
[Architectury Transformer DEBUG] Writing mtr/screen/TrainScheduleSensorScreen with maxs=true frames=true
[Architectury Transformer DEBUG] Writing mtr/screen/ResourcePackCreatorOptionsScreen with maxs=true frames=true
[Architectury Transformer DEBUG] Writing mtr/screen/DashboardList with maxs=true frames=true
[Architectury Transformer DEBUG] Writing mtr/screen/RailActionsScreen with maxs=true frames=true
[Architectury Transformer DEBUG] Writing mtr/screen/WidgetMap with maxs=true frames=true
[Architectury Transformer DEBUG] Writing mtr/screen/WidgetColorSelector$DraggingState with maxs=true frames=true
[Architectury Transformer DEBUG] Writing mtr/screen/Checkbox with maxs=true frames=true
[Architectury Transformer DEBUG] Writing mtr/screen/ImageButton with maxs=true frames=true
[Architectury Transformer DEBUG] Writing mtr/screen/WidgetBetterTextField$TextFieldFilter with maxs=true frames=true
[Architectury Transformer DEBUG] Writing mtr/screen/ResourcePackCreatorScreen with maxs=true frames=true
[Architectury Transformer DEBUG] Writing mtr/screen/LiftCustomizationScreen with maxs=true frames=true
[Architectury Transformer DEBUG] Writing mtr/screen/EditStationScreen with maxs=true frames=true
[Architectury Transformer DEBUG] Writing mtr/screen/WidgetBetterCheckbox$OnClick with maxs=true frames=true
[Architectury Transformer DEBUG] Writing mtr/screen/FileUploaderScreen with maxs=true frames=true
[Architectury Transformer DEBUG] Writing mtr/screen/WidgetBetterCheckbox with maxs=true frames=true
[Architectury Transformer DEBUG] Writing mtr/screen/PlatformScreen with maxs=true frames=true
[Architectury Transformer DEBUG] Writing mtr/screen/EditNameColorScreenBase with maxs=true frames=true
[Architectury Transformer DEBUG] Writing mtr/screen/DashboardListSelectorScreen with maxs=true frames=true
[Architectury Transformer DEBUG] Writing mtr/screen/DeleteConfirmationScreen with maxs=true frames=true
[Architectury Transformer DEBUG] Writing mtr/screen/LiftSelectionScreen with maxs=true frames=true
[Architectury Transformer DEBUG] Writing mtr/screen/ArrivalProjectorConfigScreen with maxs=true frames=true
[Architectury Transformer DEBUG] Writing mtr/screen/WidgetMap$OnDrawCorners with maxs=true frames=true
[Architectury Transformer DEBUG] Writing mtr/screen/WidgetSilentImageButton with maxs=true frames=true
[Architectury Transformer DEBUG] Writing mtr/screen/WidgetMap$MapState with maxs=true frames=true
[Architectury Transformer DEBUG] Writing mtr/screen/TrainBasicSensorScreen with maxs=true frames=true
[Architectury Transformer DEBUG] Writing mtr/screen/WidgetMap$MouseOnSavedRailCallback with maxs=true frames=true
[Architectury Transformer DEBUG] Writing mtr/screen/DashboardScreen with maxs=true frames=true
[Architectury Transformer DEBUG] Writing mtr/screen/EditDepotScreen with maxs=true frames=true
[Architectury Transformer DEBUG] Writing mtr/screen/RailwaySignScreen with maxs=true frames=true
[Architectury Transformer DEBUG] Writing mtr/screen/LiftTrackFloorScreen with maxs=true frames=true
[Architectury Transformer DEBUG] Writing mtr/screen/RailwaySignScreen$LoopSignsCallback with maxs=true frames=true
[Architectury Transformer DEBUG] Writing mtr/screen/ResourcePackCreatorScreen$1 with maxs=true frames=true
[Architectury Transformer DEBUG] Writing mtr/screen/WidgetShorterSlider with maxs=true frames=true
[Architectury Transformer DEBUG] Writing mtr/screen/PIDSConfigScreen with maxs=true frames=true
[Architectury Transformer DEBUG] Writing mtr/screen/SidingScreen$TrainForList with maxs=true frames=true
[Architectury Transformer DEBUG] Writing mtr/screen/TrainSensorScreenBase with maxs=true frames=true
[Architectury Transformer DEBUG] Writing mtr/screen/TicketMachineScreen with maxs=true frames=true
[Architectury Transformer DEBUG] Writing mtr/screen/WidgetColorSelector$ColorSelectorScreen with maxs=true frames=true
[Architectury Transformer DEBUG] Writing mtr/screen/WidgetColorSelector with maxs=true frames=true
[Architectury Transformer DEBUG] Writing mtr/screen/SavedRailScreenBase with maxs=true frames=true
[Architectury Transformer DEBUG] Writing mtr/screen/WidgetBetterTextField with maxs=true frames=true
[Architectury Transformer DEBUG] Writing mtr/screen/TrainAnnouncerScreen with maxs=true frames=true
[Architectury Transformer DEBUG] Writing mtr/screen/DashboardScreen$SelectedTab with maxs=true frames=true
[Architectury Transformer DEBUG] Writing mtr/item/ItemTunnelCreator with maxs=true frames=true
[Architectury Transformer DEBUG] Writing mtr/item/ItemBlockEnchanted with maxs=true frames=true
[Architectury Transformer DEBUG] Writing mtr/item/ItemPSDAPGBase$EnumPSDAPGType with maxs=true frames=true
[Architectury Transformer DEBUG] Writing mtr/item/ItemResourcePackCreator with maxs=true frames=true
[Architectury Transformer DEBUG] Writing mtr/item/ItemRailModifier with maxs=true frames=true
[Architectury Transformer DEBUG] Writing mtr/item/ItemWithCreativeTabBase$ItemPlaceOnWater with maxs=true frames=true
[Architectury Transformer DEBUG] Writing mtr/item/ItemBridgeCreator with maxs=true frames=true
[Architectury Transformer DEBUG] Writing mtr/item/ItemDashboard with maxs=true frames=true
[Architectury Transformer DEBUG] Writing mtr/item/ItemNodeModifierBase with maxs=true frames=true
[Architectury Transformer DEBUG] Writing mtr/item/ItemTunnelWallCreator with maxs=true frames=true
[Architectury Transformer DEBUG] Writing mtr/item/ItemLiftButtonsLinkModifier with maxs=true frames=true
[Architectury Transformer DEBUG] Writing mtr/item/ItemNodeModifierSelectableBlockBase with maxs=true frames=true
[Architectury Transformer DEBUG] Writing mtr/item/ItemEscalator with maxs=true frames=true
[Architectury Transformer DEBUG] Writing mtr/item/ItemLiftRefresher with maxs=true frames=true
[Architectury Transformer DEBUG] Writing mtr/item/ItemPSDAPGBase with maxs=true frames=true
[Architectury Transformer DEBUG] Writing mtr/item/ItemBlockClickingBase with maxs=true frames=true
[Architectury Transformer DEBUG] Writing mtr/item/ItemSignalModifier with maxs=true frames=true
[Architectury Transformer DEBUG] Writing mtr/item/ItemPSDAPGBase$EnumPSDAPGItem with maxs=true frames=true
[Architectury Transformer DEBUG] Writing mtr/item/ItemWithCreativeTabBase with maxs=true frames=true
[Architectury Transformer DEBUG] Writing mtr/render/RenderSignalBase with maxs=true frames=true
[Architectury Transformer DEBUG] Writing mtr/render/JonModelTrainRenderer with maxs=true frames=true
[Architectury Transformer DEBUG] Writing mtr/render/RenderClock with maxs=true frames=true
[Architectury Transformer DEBUG] Writing mtr/render/RenderPSDTop with maxs=true frames=true
[Architectury Transformer DEBUG] Writing mtr/render/RenderFreeNode with maxs=true frames=true
[Architectury Transformer DEBUG] Writing mtr/render/RenderPIDS$1 with maxs=true frames=true
[Architectury Transformer DEBUG] Writing mtr/render/RenderStationNameTiled with maxs=true frames=true
[Architectury Transformer DEBUG] Writing mtr/render/RenderLiftPanel with maxs=true frames=true
[Architectury Transformer DEBUG] Writing mtr/render/RenderBoatNode with maxs=true frames=true
[Architectury Transformer DEBUG] Writing mtr/render/RenderRailwaySign with maxs=true frames=true
[Architectury Transformer DEBUG] Writing mtr/render/RenderPSDAPGDoor with maxs=true frames=true
[Architectury Transformer DEBUG] Writing mtr/render/RenderAPGGlass with maxs=true frames=true
[Architectury Transformer DEBUG] Writing mtr/render/JonModelTrainRenderer$FakeBoat with maxs=true frames=true
[Architectury Transformer DEBUG] Writing mtr/render/RenderRouteBase$RenderType with maxs=true frames=true
[Architectury Transformer DEBUG] Writing mtr/render/RenderPSDAPGDoor$ModelAPGDoorBottom with maxs=true frames=true
[Architectury Transformer DEBUG] Writing mtr/render/MatrixStackHolder with maxs=true frames=true
[Architectury Transformer DEBUG] Writing mtr/render/RenderTrains$QueuedRenderLayer with maxs=true frames=true
[Architectury Transformer DEBUG] Writing mtr/render/RenderTrains with maxs=true frames=true
[Architectury Transformer DEBUG] Writing mtr/render/RenderRouteBase with maxs=true frames=true
[Architectury Transformer DEBUG] Writing mtr/render/StoredMatrixTransformations with maxs=true frames=true
[Architectury Transformer DEBUG] Writing mtr/render/RenderDrivingOverlay with maxs=true frames=true
[Architectury Transformer DEBUG] Writing mtr/render/MoreRenderLayers with maxs=true frames=true
[Architectury Transformer DEBUG] Writing mtr/render/RenderLiftButtons with maxs=true frames=true
[Architectury Transformer DEBUG] Writing mtr/render/RenderPIDS with maxs=true frames=true
[Architectury Transformer DEBUG] Writing mtr/render/TrainRendererBase with maxs=true frames=true
[Architectury Transformer DEBUG] Writing mtr/render/RenderRouteSign with maxs=true frames=true
[Architectury Transformer DEBUG] Writing mtr/render/RenderStationNameTall with maxs=true frames=true
[Architectury Transformer DEBUG] Writing mtr/render/RenderSignalSemaphore with maxs=true frames=true
[Architectury Transformer DEBUG] Writing mtr/render/RenderSignalLight4Aspect with maxs=true frames=true
[Architectury Transformer DEBUG] Writing mtr/render/RenderStationNameBase with maxs=true frames=true
[Architectury Transformer DEBUG] Writing mtr/render/RenderPSDAPGDoor$ModelSingleCube with maxs=true frames=true
[Architectury Transformer DEBUG] Writing mtr/render/RenderPSDAPGDoor$ModelAPGDoorLight with maxs=true frames=true
[Architectury Transformer DEBUG] Writing mtr/render/RenderTrains$1 with maxs=true frames=true
[Architectury Transformer DEBUG] Writing mtr/render/RenderRailwaySign$DrawTexture with maxs=true frames=true
[Architectury Transformer DEBUG] Writing mtr/render/RenderSignalLight3Aspect with maxs=true frames=true
[Architectury Transformer DEBUG] Writing mtr/render/RenderSignalLight2Aspect with maxs=true frames=true
[Architectury Transformer DEBUG] Writing mtr/path/PathFinder$PathPart with maxs=true frames=true
[Architectury Transformer DEBUG] Writing mtr/path/PathFinder with maxs=true frames=true
[Architectury Transformer DEBUG] Writing mtr/path/PathData with maxs=true frames=true
[Architectury Transformer DEBUG] Writing mtr/entity/EntityBase with maxs=true frames=true
[Architectury Transformer DEBUG] Writing mtr/servlet/Webserver with maxs=true frames=true
[Architectury Transformer DEBUG] Writing mtr/servlet/RouteFinderServletHandler$PositionInfo with maxs=true frames=true
[Architectury Transformer DEBUG] Writing mtr/servlet/IServletHandler$1 with maxs=true frames=true
[Architectury Transformer DEBUG] Writing mtr/servlet/DataServletHandler with maxs=true frames=true
[Architectury Transformer DEBUG] Writing mtr/servlet/IServletHandler with maxs=true frames=true
[Architectury Transformer DEBUG] Writing mtr/servlet/RouteFinderServletHandler with maxs=true frames=true
[Architectury Transformer DEBUG] Writing mtr/servlet/ArrivalsServletHandler with maxs=true frames=true
[Architectury Transformer DEBUG] Writing mtr/servlet/DelaysServletHandler with maxs=true frames=true
[Architectury Transformer DEBUG] Writing mtr/servlet/InfoServletHandler with maxs=true frames=true
[Architectury Transformer DEBUG] Writing cn/zbx1425/sowcer/ContextCapability with maxs=true frames=true
[Architectury Transformer DEBUG] Writing cn/zbx1425/sowcer/vertex/VertAttrType with maxs=true frames=true
[Architectury Transformer DEBUG] Writing cn/zbx1425/sowcer/vertex/VertAttrState with maxs=true frames=true
[Architectury Transformer DEBUG] Writing cn/zbx1425/sowcer/vertex/VertAttrMapping with maxs=true frames=true
[Architectury Transformer DEBUG] Writing cn/zbx1425/sowcer/vertex/VertAttrMapping$Builder with maxs=true frames=true
[Architectury Transformer DEBUG] Writing cn/zbx1425/sowcer/vertex/VertAttrSrc with maxs=true frames=true
[Architectury Transformer DEBUG] Writing cn/zbx1425/sowcer/vertex/VertAttrMapping$1 with maxs=true frames=true
[Architectury Transformer DEBUG] Writing cn/zbx1425/sowcer/vertex/VertAttrState$1 with maxs=true frames=true
[Architectury Transformer DEBUG] Writing cn/zbx1425/sowcer/shader/PatchingResourceProvider with maxs=true frames=true
[Architectury Transformer DEBUG] Writing cn/zbx1425/sowcer/shader/BlazeRenderType with maxs=true frames=true
[Architectury Transformer DEBUG] Writing cn/zbx1425/sowcer/shader/ShaderManager with maxs=true frames=true
[Architectury Transformer DEBUG] Writing cn/zbx1425/sowcer/model/Model with maxs=true frames=true
[Architectury Transformer DEBUG] Writing cn/zbx1425/sowcer/model/VertArrays with maxs=true frames=true
[Architectury Transformer DEBUG] Writing cn/zbx1425/sowcer/model/Mesh with maxs=true frames=true
[Architectury Transformer DEBUG] Writing cn/zbx1425/sowcer/batch/BatchManager$BatchTuple with maxs=true frames=true
[Architectury Transformer DEBUG] Writing cn/zbx1425/sowcer/batch/MaterialProp with maxs=true frames=true
[Architectury Transformer DEBUG] Writing cn/zbx1425/sowcer/batch/ShaderProp with maxs=true frames=true
[Architectury Transformer DEBUG] Writing cn/zbx1425/sowcer/batch/BatchManager$RenderCall with maxs=true frames=true
[Architectury Transformer DEBUG] Writing cn/zbx1425/sowcer/batch/EnqueueProp with maxs=true frames=true
[Architectury Transformer DEBUG] Writing cn/zbx1425/sowcer/batch/BatchManager with maxs=true frames=true
[Architectury Transformer DEBUG] Writing cn/zbx1425/sowcer/object/InstanceBuf with maxs=true frames=true
[Architectury Transformer DEBUG] Writing cn/zbx1425/sowcer/object/VertBuf with maxs=true frames=true
[Architectury Transformer DEBUG] Writing cn/zbx1425/sowcer/object/VertArray with maxs=true frames=true
[Architectury Transformer DEBUG] Writing cn/zbx1425/sowcer/object/IndexBuf with maxs=true frames=true
[Architectury Transformer DEBUG] Writing cn/zbx1425/sowcer/math/Matrices with maxs=true frames=true
[Architectury Transformer DEBUG] Writing cn/zbx1425/sowcer/math/PoseStackUtil with maxs=true frames=true
[Architectury Transformer DEBUG] Writing cn/zbx1425/sowcer/math/Matrix4f with maxs=true frames=true
[Architectury Transformer DEBUG] Writing cn/zbx1425/sowcer/math/Vector3f with maxs=true frames=true
[Architectury Transformer DEBUG] Writing cn/zbx1425/sowcer/util/GlStateTracker with maxs=true frames=true
[Architectury Transformer DEBUG] Writing cn/zbx1425/sowcer/util/AttrUtil with maxs=true frames=true
[Architectury Transformer DEBUG] Writing cn/zbx1425/sowcer/util/OffHeapAllocator with maxs=true frames=true
[Architectury Transformer DEBUG] Writing cn/zbx1425/sowcer/util/DrawContext with maxs=true frames=true
[Architectury Transformer DEBUG] Writing cn/zbx1425/mtrsteamloco/ClientConfig with maxs=true frames=true
[Architectury Transformer DEBUG] Writing cn/zbx1425/mtrsteamloco/MainClient with maxs=true frames=true
[Architectury Transformer DEBUG] Writing cn/zbx1425/mtrsteamloco/NTEClientCommand with maxs=true frames=true
[Architectury Transformer DEBUG] Writing cn/zbx1425/mtrsteamloco/Main$RegisterBlockItem with maxs=true frames=true
[Architectury Transformer DEBUG] Writing cn/zbx1425/mtrsteamloco/Debug with maxs=true frames=true
[Architectury Transformer DEBUG] Writing cn/zbx1425/mtrsteamloco/Main with maxs=true frames=true
[Architectury Transformer DEBUG] Writing cn/zbx1425/mtrsteamloco/RegistriesWrapper with maxs=true frames=true
[Architectury Transformer DEBUG] Writing cn/zbx1425/mtrsteamloco/CustomResources with maxs=true frames=true
[Architectury Transformer DEBUG] Writing cn/zbx1425/mtrsteamloco/BuildConfig with maxs=true frames=true
[Architectury Transformer DEBUG] Writing cn/zbx1425/mtrsteamloco/block/BlockEyeCandy with maxs=true frames=true
[Architectury Transformer DEBUG] Writing cn/zbx1425/mtrsteamloco/block/BlockOneWayGate with maxs=true frames=true
[Architectury Transformer DEBUG] Writing cn/zbx1425/mtrsteamloco/block/BlockEyeCandy$BlockEntityEyeCandy with maxs=true frames=true
[Architectury Transformer DEBUG] Writing cn/zbx1425/mtrsteamloco/sound/DwellTimeBveTrainSound with maxs=true frames=true
[Architectury Transformer DEBUG] Writing cn/zbx1425/mtrsteamloco/sound/NoopTrainSound with maxs=true frames=true
[Architectury Transformer DEBUG] Writing cn/zbx1425/mtrsteamloco/data/RepeaterMode with maxs=true frames=true
[Architectury Transformer DEBUG] Writing cn/zbx1425/mtrsteamloco/data/EyeCandyRegistry with maxs=true frames=true
[Architectury Transformer DEBUG] Writing cn/zbx1425/mtrsteamloco/data/RepeaterAttachment with maxs=true frames=true
[Architectury Transformer DEBUG] Writing cn/zbx1425/mtrsteamloco/data/EyeCandyProperties with maxs=true frames=true
[Architectury Transformer DEBUG] Writing cn/zbx1425/mtrsteamloco/data/ScriptedCustomTrains with maxs=true frames=true
[Architectury Transformer DEBUG] Writing cn/zbx1425/mtrsteamloco/data/RailExtraSupplier with maxs=true frames=true
[Architectury Transformer DEBUG] Writing cn/zbx1425/mtrsteamloco/data/RailModelRepeater with maxs=true frames=true
[Architectury Transformer DEBUG] Writing cn/zbx1425/mtrsteamloco/data/RailModelRegistry with maxs=true frames=true
[Architectury Transformer DEBUG] Writing cn/zbx1425/mtrsteamloco/data/RailModelRepeater$UndoEntry with maxs=true frames=true
[Architectury Transformer DEBUG] Writing cn/zbx1425/mtrsteamloco/data/RailModelProperties with maxs=true frames=true
[Architectury Transformer DEBUG] Writing cn/zbx1425/mtrsteamloco/data/RailModelInstanceOverride with maxs=true frames=true
[Architectury Transformer DEBUG] Writing cn/zbx1425/mtrsteamloco/gui/ConfigScreen with maxs=true frames=true
[Architectury Transformer DEBUG] Writing cn/zbx1425/mtrsteamloco/gui/SelectListScreen with maxs=true frames=true
[Architectury Transformer DEBUG] Writing cn/zbx1425/mtrsteamloco/gui/VirtualDriveOverlay with maxs=true frames=true
[Architectury Transformer DEBUG] Writing cn/zbx1425/mtrsteamloco/gui/WidgetManualPositionBar with maxs=true frames=true
[Architectury Transformer DEBUG] Writing cn/zbx1425/mtrsteamloco/gui/RailEditorGeometryScreen with maxs=true frames=true
[Architectury Transformer DEBUG] Writing cn/zbx1425/mtrsteamloco/gui/RailEditorVisualScreen$ModelSelectTarget with maxs=true frames=true
[Architectury Transformer DEBUG] Writing cn/zbx1425/mtrsteamloco/gui/EyeCandyScreen with maxs=true frames=true
[Architectury Transformer DEBUG] Writing cn/zbx1425/mtrsteamloco/gui/RailEditorVisualScreen with maxs=true frames=true
[Architectury Transformer DEBUG] Writing cn/zbx1425/mtrsteamloco/gui/WidgetLabel with maxs=true frames=true
[Architectury Transformer DEBUG] Writing cn/zbx1425/mtrsteamloco/gui/WidgetScrollPanel with maxs=true frames=true
[Architectury Transformer DEBUG] Writing cn/zbx1425/mtrsteamloco/gui/AbstractScrollWidget with maxs=true frames=true
[Architectury Transformer DEBUG] Writing cn/zbx1425/mtrsteamloco/gui/RailEditorVisualScreen$1 with maxs=true frames=true
[Architectury Transformer DEBUG] Writing cn/zbx1425/mtrsteamloco/gui/ErrorScreen with maxs=true frames=true
[Architectury Transformer DEBUG] Writing cn/zbx1425/mtrsteamloco/gui/WidgetScrollList with maxs=true frames=true
[Architectury Transformer DEBUG] Writing cn/zbx1425/mtrsteamloco/gui/RailEditorGeometryScreen$AngleSlider with maxs=true frames=true
[Architectury Transformer DEBUG] Writing cn/zbx1425/mtrsteamloco/gui/ScriptDebugOverlay with maxs=true frames=true
[Architectury Transformer DEBUG] Writing cn/zbx1425/mtrsteamloco/gui/WidgetSlider with maxs=true frames=true
[Architectury Transformer DEBUG] Writing cn/zbx1425/mtrsteamloco/game/VirtualDriveClientData with maxs=true frames=true
[Architectury Transformer DEBUG] Writing cn/zbx1425/mtrsteamloco/game/TrainVirtualDrive with maxs=true frames=true
[Architectury Transformer DEBUG] Writing cn/zbx1425/mtrsteamloco/game/DelayedValue with maxs=true frames=true
[Architectury Transformer DEBUG] Writing cn/zbx1425/mtrsteamloco/render/ByteBufferOutputStream with maxs=true frames=true
[Architectury Transformer DEBUG] Writing cn/zbx1425/mtrsteamloco/render/ShadersModHandler$Optifine with maxs=true frames=true
[Architectury Transformer DEBUG] Writing cn/zbx1425/mtrsteamloco/render/ShadersModHandler with maxs=true frames=true
[Architectury Transformer DEBUG] Writing cn/zbx1425/mtrsteamloco/render/ShadersModHandler$1 with maxs=true frames=true
[Architectury Transformer DEBUG] Writing cn/zbx1425/mtrsteamloco/render/RailPicker with maxs=true frames=true
[Architectury Transformer DEBUG] Writing cn/zbx1425/mtrsteamloco/render/ShadersModHandler$InternalHandler with maxs=true frames=true
[Architectury Transformer DEBUG] Writing cn/zbx1425/mtrsteamloco/render/ShadersModHandler$Iris with maxs=true frames=true
[Architectury Transformer DEBUG] Writing cn/zbx1425/mtrsteamloco/render/RenderUtil with maxs=true frames=true
[Architectury Transformer DEBUG] Writing cn/zbx1425/mtrsteamloco/render/block/BlockEntityEyeCandyRenderer with maxs=true frames=true
[Architectury Transformer DEBUG] Writing cn/zbx1425/mtrsteamloco/render/rail/ModelRef with maxs=true frames=true
[Architectury Transformer DEBUG] Writing cn/zbx1425/mtrsteamloco/render/rail/MeshBuildingRailChunk with maxs=true frames=true
[Architectury Transformer DEBUG] Writing cn/zbx1425/mtrsteamloco/render/rail/BakedRail with maxs=true frames=true
[Architectury Transformer DEBUG] Writing cn/zbx1425/mtrsteamloco/render/rail/BakedRail$BoundaryPosition with maxs=true frames=true
[Architectury Transformer DEBUG] Writing cn/zbx1425/mtrsteamloco/render/rail/RailChunkBase$RailTranformList with maxs=true frames=true
[Architectury Transformer DEBUG] Writing cn/zbx1425/mtrsteamloco/render/rail/BakedRail$TransformOnBoundary with maxs=true frames=true
[Architectury Transformer DEBUG] Writing cn/zbx1425/mtrsteamloco/render/rail/InstancedRailChunk with maxs=true frames=true
[Architectury Transformer DEBUG] Writing cn/zbx1425/mtrsteamloco/render/rail/BakedRail$IndexedPosition with maxs=true frames=true
[Architectury Transformer DEBUG] Writing cn/zbx1425/mtrsteamloco/render/rail/RailRenderDispatcher with maxs=true frames=true
[Architectury Transformer DEBUG] Writing cn/zbx1425/mtrsteamloco/render/rail/RailChunkBase with maxs=true frames=true
[Architectury Transformer DEBUG] Writing cn/zbx1425/mtrsteamloco/render/rail/BakedRail$PositionResult with maxs=true frames=true
[Architectury Transformer DEBUG] Writing cn/zbx1425/mtrsteamloco/render/rail/BakedRail$1 with maxs=true frames=true
[Architectury Transformer DEBUG] Writing cn/zbx1425/mtrsteamloco/render/train/RenderTrainD51 with maxs=true frames=true
[Architectury Transformer DEBUG] Writing cn/zbx1425/mtrsteamloco/render/train/RenderTrainDK3 with maxs=true frames=true
[Architectury Transformer DEBUG] Writing cn/zbx1425/mtrsteamloco/render/train/SteamSmokeParticle$Provider with maxs=true frames=true
[Architectury Transformer DEBUG] Writing cn/zbx1425/mtrsteamloco/render/train/RenderTrainDK3Mini with maxs=true frames=true
[Architectury Transformer DEBUG] Writing cn/zbx1425/mtrsteamloco/render/train/NoopTrainRenderer with maxs=true frames=true
[Architectury Transformer DEBUG] Writing cn/zbx1425/mtrsteamloco/render/train/SteamSmokeParticle with maxs=true frames=true
[Architectury Transformer DEBUG] Writing cn/zbx1425/mtrsteamloco/render/integration/DynamicTrainModelLoader$1 with maxs=true frames=true
[Architectury Transformer DEBUG] Writing cn/zbx1425/mtrsteamloco/render/integration/SowcerModelAgent with maxs=true frames=true
[Architectury Transformer DEBUG] Writing cn/zbx1425/mtrsteamloco/render/integration/MtrModelRegistryUtil with maxs=true frames=true
[Architectury Transformer DEBUG] Writing cn/zbx1425/mtrsteamloco/render/integration/DynamicTrainModelLoader$PartBatch with maxs=true frames=true
[Architectury Transformer DEBUG] Writing cn/zbx1425/mtrsteamloco/render/integration/DynamicTrainModelLoader with maxs=true frames=true
[Architectury Transformer DEBUG] Writing cn/zbx1425/mtrsteamloco/render/scripting/ScriptResourceUtil with maxs=true frames=true
[Architectury Transformer DEBUG] Writing cn/zbx1425/mtrsteamloco/render/scripting/AbstractDrawCalls with maxs=true frames=true
[Architectury Transformer DEBUG] Writing cn/zbx1425/mtrsteamloco/render/scripting/AbstractScriptContext with maxs=true frames=true
[Architectury Transformer DEBUG] Writing cn/zbx1425/mtrsteamloco/render/scripting/AbstractDrawCalls$PlaySoundCall with maxs=true frames=true
[Architectury Transformer DEBUG] Writing cn/zbx1425/mtrsteamloco/render/scripting/ScriptContextManager with maxs=true frames=true
[Architectury Transformer DEBUG] Writing cn/zbx1425/mtrsteamloco/render/scripting/AbstractDrawCalls$ClusterDrawCall with maxs=true frames=true
[Architectury Transformer DEBUG] Writing cn/zbx1425/mtrsteamloco/render/scripting/ScriptHolder with maxs=true frames=true
[Architectury Transformer DEBUG] Writing cn/zbx1425/mtrsteamloco/render/scripting/eyecandy/EyeCandyScriptContext with maxs=true frames=true
[Architectury Transformer DEBUG] Writing cn/zbx1425/mtrsteamloco/render/scripting/eyecandy/EyeCandyDrawCalls with maxs=true frames=true
[Architectury Transformer DEBUG] Writing cn/zbx1425/mtrsteamloco/render/scripting/train/TrainScriptContext with maxs=true frames=true
[Architectury Transformer DEBUG] Writing cn/zbx1425/mtrsteamloco/render/scripting/train/TrainWrapper$PlatformInfo with maxs=true frames=true
[Architectury Transformer DEBUG] Writing cn/zbx1425/mtrsteamloco/render/scripting/train/TrainDrawCalls with maxs=true frames=true
[Architectury Transformer DEBUG] Writing cn/zbx1425/mtrsteamloco/render/scripting/train/TrainWrapper with maxs=true frames=true
[Architectury Transformer DEBUG] Writing cn/zbx1425/mtrsteamloco/render/scripting/train/TrainWrapper$PlatformLookupMap with maxs=true frames=true
[Architectury Transformer DEBUG] Writing cn/zbx1425/mtrsteamloco/render/scripting/train/ScriptedTrainRenderer with maxs=true frames=true
[Architectury Transformer DEBUG] Writing cn/zbx1425/mtrsteamloco/render/scripting/util/StateTracker with maxs=true frames=true
[Architectury Transformer DEBUG] Writing cn/zbx1425/mtrsteamloco/render/scripting/util/GraphicsTexture with maxs=true frames=true
[Architectury Transformer DEBUG] Writing cn/zbx1425/mtrsteamloco/render/scripting/util/GraphicsTexture$IntBufDataBuffer with maxs=true frames=true
[Architectury Transformer DEBUG] Writing cn/zbx1425/mtrsteamloco/render/scripting/util/TextUtil with maxs=true frames=true
[Architectury Transformer DEBUG] Writing cn/zbx1425/mtrsteamloco/render/scripting/util/TimingUtil with maxs=true frames=true
[Architectury Transformer DEBUG] Writing cn/zbx1425/mtrsteamloco/render/scripting/util/MinecraftClientUtil with maxs=true frames=true
[Architectury Transformer DEBUG] Writing cn/zbx1425/mtrsteamloco/render/scripting/util/RateLimit with maxs=true frames=true
[Architectury Transformer DEBUG] Writing cn/zbx1425/mtrsteamloco/render/scripting/util/DynamicModelHolder with maxs=true frames=true
[Architectury Transformer DEBUG] Writing cn/zbx1425/mtrsteamloco/render/scripting/util/CycleTracker with maxs=true frames=true
[Architectury Transformer DEBUG] Writing cn/zbx1425/mtrsteamloco/mixin/ResourcePackCreatorScreenMixin with maxs=true frames=true
[Architectury Transformer DEBUG] Writing cn/zbx1425/mtrsteamloco/mixin/RenderTrainsMixin with maxs=true frames=true
[Architectury Transformer DEBUG] Writing cn/zbx1425/mtrsteamloco/mixin/DynamicTrainModelMixin with maxs=true frames=true
[Architectury Transformer DEBUG] Writing cn/zbx1425/mtrsteamloco/mixin/NativeImageAccessor with maxs=true frames=true
[Architectury Transformer DEBUG] Writing cn/zbx1425/mtrsteamloco/mixin/GLFWMixin with maxs=true frames=true
[Architectury Transformer DEBUG] Writing cn/zbx1425/mtrsteamloco/mixin/ItemWithCreativeTabBaseMixin with maxs=true frames=true
[Architectury Transformer DEBUG] Writing cn/zbx1425/mtrsteamloco/mixin/TrainClientMixin with maxs=true frames=true
[Architectury Transformer DEBUG] Writing cn/zbx1425/mtrsteamloco/mixin/GameRendererMixin with maxs=true frames=true
[Architectury Transformer DEBUG] Writing cn/zbx1425/mtrsteamloco/mixin/TrainClientAccessor with maxs=true frames=true
[Architectury Transformer DEBUG] Writing cn/zbx1425/mtrsteamloco/mixin/ModelSimpleTrainBaseAccessor with maxs=true frames=true
[Architectury Transformer DEBUG] Writing cn/zbx1425/mtrsteamloco/mixin/DynamicImageAccessor with maxs=true frames=true
[Architectury Transformer DEBUG] Writing cn/zbx1425/mtrsteamloco/mixin/ResourcePackCreatorPropertiesMixin with maxs=true frames=true
[Architectury Transformer DEBUG] Writing cn/zbx1425/mtrsteamloco/mixin/LevelRendererAccessor with maxs=true frames=true
[Architectury Transformer DEBUG] Writing cn/zbx1425/mtrsteamloco/mixin/TrainAccessor with maxs=true frames=true
[Architectury Transformer DEBUG] Writing cn/zbx1425/mtrsteamloco/mixin/BlockNodeMixin with maxs=true frames=true
[Architectury Transformer DEBUG] Writing cn/zbx1425/mtrsteamloco/mixin/RailAccessor with maxs=true frames=true
[Architectury Transformer DEBUG] Writing cn/zbx1425/mtrsteamloco/mixin/KeyboardHandlerMixin with maxs=true frames=true
[Architectury Transformer DEBUG] Writing cn/zbx1425/mtrsteamloco/mixin/PackMixin with maxs=true frames=true
[Architectury Transformer DEBUG] Writing cn/zbx1425/mtrsteamloco/mixin/JonModelTrainRendererMixin with maxs=true frames=true
[Architectury Transformer DEBUG] Writing cn/zbx1425/mtrsteamloco/mixin/ModelPartAccessor with maxs=true frames=true
[Architectury Transformer DEBUG] Writing cn/zbx1425/mtrsteamloco/mixin/ClientCacheAccessor with maxs=true frames=true
[Architectury Transformer DEBUG] Writing cn/zbx1425/mtrsteamloco/mixin/LevelRendererMixin with maxs=true frames=true
[Architectury Transformer DEBUG] Writing cn/zbx1425/mtrsteamloco/mixin/RailMixin with maxs=true frames=true
[Architectury Transformer DEBUG] Writing cn/zbx1425/mtrsteamloco/mixin/ModelMapperAccessor with maxs=true frames=true
[Architectury Transformer DEBUG] Writing cn/zbx1425/mtrsteamloco/mixin/RailActionsMixin with maxs=true frames=true
[Architectury Transformer DEBUG] Writing cn/zbx1425/mtrsteamloco/mixin/CustomResourcesMixin with maxs=true frames=true
[Architectury Transformer DEBUG] Writing cn/zbx1425/mtrsteamloco/mixin/RailwayDataAccessor with maxs=true frames=true
[Architectury Transformer DEBUG] Writing cn/zbx1425/mtrsteamloco/mixin/TrainClientRegistryMixin with maxs=true frames=true
[Architectury Transformer DEBUG] Writing cn/zbx1425/mtrsteamloco/network/PacketVirtualDrivingPlayers$Client with maxs=true frames=true
[Architectury Transformer DEBUG] Writing cn/zbx1425/mtrsteamloco/network/PacketUpdateRail with maxs=true frames=true
[Architectury Transformer DEBUG] Writing cn/zbx1425/mtrsteamloco/network/PacketScreen with maxs=true frames=true
[Architectury Transformer DEBUG] Writing cn/zbx1425/mtrsteamloco/network/PacketVirtualDrivingPlayers with maxs=true frames=true
[Architectury Transformer DEBUG] Writing cn/zbx1425/mtrsteamloco/network/PacketScreen$MakeClassLoaderHappy with maxs=true frames=true
[Architectury Transformer DEBUG] Writing cn/zbx1425/mtrsteamloco/network/PacketUpdateBlockEntity with maxs=true frames=true
[Architectury Transformer DEBUG] Writing cn/zbx1425/mtrsteamloco/network/PacketVersionCheck with maxs=true frames=true
[Architectury Transformer DEBUG] Writing cn/zbx1425/mtrsteamloco/network/PacketUpdateHoldingItem with maxs=true frames=true
[Architectury Transformer DEBUG] Writing cn/zbx1425/mtrsteamloco/network/PacketVirtualDrive with maxs=true frames=true
[Architectury Transformer DEBUG] Writing cn/zbx1425/sowcerext/model/ModelCluster with maxs=true frames=true
[Architectury Transformer DEBUG] Writing cn/zbx1425/sowcerext/model/Face with maxs=true frames=true
[Architectury Transformer DEBUG] Writing cn/zbx1425/sowcerext/model/Vertex with maxs=true frames=true
[Architectury Transformer DEBUG] Writing cn/zbx1425/sowcerext/model/RawModel with maxs=true frames=true
[Architectury Transformer DEBUG] Writing cn/zbx1425/sowcerext/model/RawMesh with maxs=true frames=true
[Architectury Transformer DEBUG] Writing cn/zbx1425/sowcerext/model/loader/NmbModelLoader with maxs=true frames=true
[Architectury Transformer DEBUG] Writing cn/zbx1425/sowcerext/model/loader/ObjModelLoader with maxs=true frames=true
[Architectury Transformer DEBUG] Writing cn/zbx1425/sowcerext/model/loader/CsvModelLoader with maxs=true frames=true
[Architectury Transformer DEBUG] Writing cn/zbx1425/sowcerext/model/loader/ObjModelLoader$ZeroFloatTuple with maxs=true frames=true
[Architectury Transformer DEBUG] Writing cn/zbx1425/sowcerext/model/integration/RawMeshBuilder with maxs=true frames=true
[Architectury Transformer DEBUG] Writing cn/zbx1425/sowcerext/model/integration/FaceList$TransformedFace with maxs=true frames=true
[Architectury Transformer DEBUG] Writing cn/zbx1425/sowcerext/model/integration/FaceList with maxs=true frames=true
[Architectury Transformer DEBUG] Writing cn/zbx1425/sowcerext/model/integration/BufferSourceProxy with maxs=true frames=true
[Architectury Transformer DEBUG] Writing cn/zbx1425/sowcerext/multipart/MultipartUpdateProp with maxs=true frames=true
[Architectury Transformer DEBUG] Writing cn/zbx1425/sowcerext/multipart/MultipartContainer with maxs=true frames=true
[Architectury Transformer DEBUG] Writing cn/zbx1425/sowcerext/multipart/PartBase with maxs=true frames=true
[Architectury Transformer DEBUG] Writing cn/zbx1425/sowcerext/multipart/animated/AnimatedLoader with maxs=true frames=true
[Architectury Transformer DEBUG] Writing cn/zbx1425/sowcerext/multipart/animated/StaticPart with maxs=true frames=true
[Architectury Transformer DEBUG] Writing cn/zbx1425/sowcerext/multipart/animated/AnimatedPartStates with maxs=true frames=true
[Architectury Transformer DEBUG] Writing cn/zbx1425/sowcerext/multipart/animated/AnimatedPart with maxs=true frames=true
[Architectury Transformer DEBUG] Writing cn/zbx1425/sowcerext/multipart/animated/script/Executor with maxs=true frames=true
[Architectury Transformer DEBUG] Writing cn/zbx1425/sowcerext/multipart/animated/script/CSUtil with maxs=true frames=true
[Architectury Transformer DEBUG] Writing cn/zbx1425/sowcerext/multipart/animated/script/Instructions with maxs=true frames=true
[Architectury Transformer DEBUG] Writing cn/zbx1425/sowcerext/multipart/animated/script/Executor$1 with maxs=true frames=true
[Architectury Transformer DEBUG] Writing cn/zbx1425/sowcerext/multipart/animated/script/FunctionScript with maxs=true frames=true
[Architectury Transformer DEBUG] Writing cn/zbx1425/sowcerext/multipart/animated/script/Notation with maxs=true frames=true
[Architectury Transformer DEBUG] Writing cn/zbx1425/sowcerext/multipart/mi/MiPart with maxs=true frames=true
[Architectury Transformer DEBUG] Writing cn/zbx1425/sowcerext/multipart/mi/MiScheduleHelper with maxs=true frames=true
[Architectury Transformer DEBUG] Writing cn/zbx1425/sowcerext/multipart/mi/MiLoader with maxs=true frames=true
[Architectury Transformer DEBUG] Writing cn/zbx1425/sowcerext/multipart/mi/MiPart$FloatSpline with maxs=true frames=true
[Architectury Transformer DEBUG] Writing cn/zbx1425/sowcerext/util/Logging with maxs=true frames=true
[Architectury Transformer DEBUG] Writing cn/zbx1425/sowcerext/util/ResourceUtil with maxs=true frames=true
[Architectury Transformer DEBUG] Writing cn/zbx1425/sowcerext/reuse/ModelManager with maxs=true frames=true
[Architectury Transformer DEBUG] Writing cn/zbx1425/sowcerext/reuse/AtlasSprite with maxs=true frames=true
[Architectury Transformer DEBUG] Writing cn/zbx1425/sowcerext/reuse/DrawScheduler$ClusterDrawCall with maxs=true frames=true
[Architectury Transformer DEBUG] Writing cn/zbx1425/sowcerext/reuse/AtlasManager with maxs=true frames=true
[Architectury Transformer DEBUG] Writing cn/zbx1425/sowcerext/reuse/DrawScheduler with maxs=true frames=true
[Architectury Transformer DEBUG] Closed File Systems for /Users/Emiliano/Documents/NeoMTR/common/build/libs/common-300.6.1+1.21.1-transformProductionNeoForge.jar
[Architectury Transformer] Transformed jar with 5 transformer(s) in 2.810 s
[Architectury Transformer DEBUG] Closed File Systems for /Users/Emiliano/Documents/NeoMTR/common/build/libs/common-300.6.1+1.21.1.jar
